Category,EventName,Address,StartTime_ns,EndTime_ns,Duration_ns,Host_Phys_Info,Mapped_File
KERNEL,uvm_touch_kernel(float*, unsigned long, unsigned long, float),7,0x100000,1765867870624349806,1765867870641932308,17582502,20972,1,1,256,1,1,0,0,16,127401984,0
KERNEL,uvm_touch_kernel(float*, unsigned long, unsigned long, float),7,0x100000,1765867870742484425,1765867870742650472,166047,20972,1,1,256,1,1,0,0,16,127401984,0
KERNEL,uvm_touch_kernel(float*, unsigned long, unsigned long, float),7,0x100000,1765867870842919102,1765867870843369309,450207,20972,1,1,256,1,1,0,0,16,127401984,0
KERNEL,uvm_touch_kernel(float*, unsigned long, unsigned long, float),7,0x100000,1765867870943689394,1765867870944074993,385599,20972,1,1,256,1,1,0,0,16,127401984,0
KERNEL,uvm_touch_kernel(float*, unsigned long, unsigned long, float),7,0x100000,1765867871044495527,1765867871045020197,524670,20972,1,1,256,1,1,0,0,16,127401984,0
UVM,MIGRATE_HtoD,0x7fb286000000,1765867870625033572,,,NOT_RESIDENT,/dev/nvidia-uvm
UVM,MIGRATE_HtoD,0x7fb286004000,1765867870625037635,,,NOT_RESIDENT,/dev/nvidia-uvm
UVM,MIGRATE_HtoD,0x7fb286005000,1765867870625040963,,,NOT_RESIDENT,/dev/nvidia-uvm
UVM,MIGRATE_HtoD,0x7fb286006000,1765867870625044260,,,NOT_RESIDENT,/dev/nvidia-uvm
UVM,MIGRATE_HtoD,0x7fb286007000,1765867870625047843,,,NOT_RESIDENT,/dev/nvidia-uvm
UVM,MIGRATE_HtoD,0x7fb286008000,1765867870625051491,,,NOT_RESIDENT,/dev/nvidia-uvm
UVM,MIGRATE_HtoD,0x7fb286009000,1765867870625054787,,,NOT_RESIDENT,/dev/nvidia-uvm
UVM,MIGRATE_HtoD,0x7fb28600b000,1765867870625058564,,,NOT_RESIDENT,/dev/nvidia-uvm
UVM,MIGRATE_HtoD,0x7fb28600c000,1765867870625061891,,,NOT_RESIDENT,/dev/nvidia-uvm
UVM,MIGRATE_HtoD,0x7fb286012000,1765867870625066371,,,NOT_RESIDENT,/dev/nvidia-uvm
UVM,MIGRATE_HtoD,0x7fb286015000,1765867870625070340,,,NOT_RESIDENT,/dev/nvidia-uvm
UVM,MIGRATE_HtoD,0x7fb28601f000,1765867870625075043,,,NOT_RESIDENT,/dev/nvidia-uvm
UVM,MIGRATE_HtoD,0x7fb286020000,1765867870625078435,,,NOT_RESIDENT,/dev/nvidia-uvm
UVM,MIGRATE_HtoD,0x7fb286026000,1765867870625082851,,,NOT_RESIDENT,/dev/nvidia-uvm
UVM,MIGRATE_HtoD,0x7fb286027000,1765867870625086147,,,NOT_RESIDENT,/dev/nvidia-uvm
UVM,MIGRATE_HtoD,0x7fb28602d000,1765867870625090499,,,NOT_RESIDENT,/dev/nvidia-uvm
UVM,MIGRATE_HtoD,0x7fb28602e000,1765867870625093795,,,NOT_RESIDENT,/dev/nvidia-uvm
UVM,MIGRATE_HtoD,0x7fb286036000,1765867870625098499,,,NOT_RESIDENT,/dev/nvidia-uvm
UVM,MIGRATE_HtoD,0x7fb286037000,1765867870625102147,,,NOT_RESIDENT,/dev/nvidia-uvm
UVM,MIGRATE_HtoD,0x7fb286038000,1765867870625106019,,,NOT_RESIDENT,/dev/nvidia-uvm
UVM,MIGRATE_HtoD,0x7fb28603c000,1765867870625110115,,,NOT_RESIDENT,/dev/nvidia-uvm
UVM,MIGRATE_HtoD,0x7fb28603d000,1765867870625113443,,,NOT_RESIDENT,/dev/nvidia-uvm
UVM,MIGRATE_HtoD,0x7fb28603e000,1765867870625117251,,,NOT_RESIDENT,/dev/nvidia-uvm
UVM,MIGRATE_HtoD,0x7fb28603f000,1765867870625120579,,,NOT_RESIDENT,/dev/nvidia-uvm
UVM,MIGRATE_HtoD,0x7fb286068000,1765867870625130563,,,NOT_RESIDENT,/dev/nvidia-uvm
UVM,MIGRATE_HtoD,0x7fb286069000,1765867870625133859,,,NOT_RESIDENT,/dev/nvidia-uvm
UVM,MIGRATE_HtoD,0x7fb286075000,1765867870625139139,,,NOT_RESIDENT,/dev/nvidia-uvm
UVM,MIGRATE_HtoD,0x7fb286076000,1765867870625142435,,,NOT_RESIDENT,/dev/nvidia-uvm
UVM,MIGRATE_HtoD,0x7fb286077000,1765867870625145699,,,NOT_RESIDENT,/dev/nvidia-uvm
UVM,MIGRATE_HtoD,0x7fb286078000,1765867870625149251,,,NOT_RESIDENT,/dev/nvidia-uvm
UVM,MIGRATE_HtoD,0x7fb28607d000,1765867870625153187,,,NOT_RESIDENT,/dev/nvidia-uvm
UVM,MIGRATE_HtoD,0x7fb28607e000,1765867870625156707,,,NOT_RESIDENT,/dev/nvidia-uvm
UVM,MIGRATE_HtoD,0x7fb286081000,1765867870625160643,,,NOT_RESIDENT,/dev/nvidia-uvm
UVM,MIGRATE_HtoD,0x7fb286082000,1765867870625163971,,,NOT_RESIDENT,/dev/nvidia-uvm
UVM,MIGRATE_HtoD,0x7fb28609e000,1765867870625172067,,,NOT_RESIDENT,/dev/nvidia-uvm
UVM,MIGRATE_HtoD,0x7fb28609f000,1765867870625175363,,,NOT_RESIDENT,/dev/nvidia-uvm
UVM,MIGRATE_HtoD,0x7fb2860b1000,1765867870625181763,,,NOT_RESIDENT,/dev/nvidia-uvm
UVM,MIGRATE_HtoD,0x7fb2860b2000,1765867870625185091,,,NOT_RESIDENT,/dev/nvidia-uvm
UVM,MIGRATE_HtoD,0x7fb2860b3000,1765867870625188387,,,NOT_RESIDENT,/dev/nvidia-uvm
UVM,MIGRATE_HtoD,0x7fb2860b5000,1765867870625191811,,,NOT_RESIDENT,/dev/nvidia-uvm
UVM,MIGRATE_HtoD,0x7fb2860b8000,1765867870625195779,,,NOT_RESIDENT,/dev/nvidia-uvm
UVM,MIGRATE_HtoD,0x7fb2860b9000,1765867870625199075,,,NOT_RESIDENT,/dev/nvidia-uvm
UVM,GPU_PAGE_FAULT,0x7fb286000000,1765867870624353414,,,NOT_RESIDENT,/dev/nvidia-uvm
UVM,MIGRATE_HtoD,0x7fb286100000,1765867870626156832,,,NOT_RESIDENT,/dev/nvidia-uvm
UVM,MIGRATE_HtoD,0x7fb286111000,1765867870626162720,,,NOT_RESIDENT,/dev/nvidia-uvm
UVM,MIGRATE_HtoD,0x7fb286112000,1765867870626165984,,,NOT_RESIDENT,/dev/nvidia-uvm
UVM,MIGRATE_HtoD,0x7fb286114000,1765867870626169792,,,NOT_RESIDENT,/dev/nvidia-uvm
UVM,MIGRATE_HtoD,0x7fb286115000,1765867870626173088,,,NOT_RESIDENT,/dev/nvidia-uvm
UVM,MIGRATE_HtoD,0x7fb286116000,1765867870626176384,,,NOT_RESIDENT,/dev/nvidia-uvm
UVM,MIGRATE_HtoD,0x7fb286117000,1765867870626179679,,,NOT_RESIDENT,/dev/nvidia-uvm
UVM,MIGRATE_HtoD,0x7fb286118000,1765867870626183008,,,NOT_RESIDENT,/dev/nvidia-uvm
UVM,MIGRATE_HtoD,0x7fb28611a000,1765867870626186784,,,NOT_RESIDENT,/dev/nvidia-uvm
UVM,MIGRATE_HtoD,0x7fb28611b000,1765867870626190080,,,NOT_RESIDENT,/dev/nvidia-uvm
UVM,MIGRATE_HtoD,0x7fb28611d000,1765867870626193823,,,NOT_RESIDENT,/dev/nvidia-uvm
UVM,MIGRATE_HtoD,0x7fb286120000,1765867870626197408,,,NOT_RESIDENT,/dev/nvidia-uvm
UVM,MIGRATE_HtoD,0x7fb286146000,1765867870626206719,,,NOT_RESIDENT,/dev/nvidia-uvm
UVM,MIGRATE_HtoD,0x7fb286147000,1765867870626210144,,,NOT_RESIDENT,/dev/nvidia-uvm
UVM,MIGRATE_HtoD,0x7fb28614f000,1765867870626214847,,,NOT_RESIDENT,/dev/nvidia-uvm
UVM,MIGRATE_HtoD,0x7fb286152000,1765867870626218495,,,NOT_RESIDENT,/dev/nvidia-uvm
UVM,MIGRATE_HtoD,0x7fb286153000,1765867870626221792,,,NOT_RESIDENT,/dev/nvidia-uvm
UVM,MIGRATE_HtoD,0x7fb286154000,1765867870626225408,,,NOT_RESIDENT,/dev/nvidia-uvm
UVM,MIGRATE_HtoD,0x7fb286155000,1765867870626228671,,,NOT_RESIDENT,/dev/nvidia-uvm
UVM,MIGRATE_HtoD,0x7fb28615e000,1765867870626233631,,,NOT_RESIDENT,/dev/nvidia-uvm
UVM,MIGRATE_HtoD,0x7fb28615f000,1765867870626236927,,,NOT_RESIDENT,/dev/nvidia-uvm
UVM,MIGRATE_HtoD,0x7fb286160000,1765867870626240447,,,NOT_RESIDENT,/dev/nvidia-uvm
UVM,MIGRATE_HtoD,0x7fb28616e000,1765867870626246143,,,NOT_RESIDENT,/dev/nvidia-uvm
UVM,MIGRATE_HtoD,0x7fb286174000,1765867870626250207,,,NOT_RESIDENT,/dev/nvidia-uvm
UVM,MIGRATE_HtoD,0x7fb286175000,1765867870626253503,,,NOT_RESIDENT,/dev/nvidia-uvm
UVM,MIGRATE_HtoD,0x7fb286177000,1765867870626257119,,,NOT_RESIDENT,/dev/nvidia-uvm
UVM,GPU_PAGE_FAULT,0x7fb286100000,1765867870625778081,,,NOT_RESIDENT,/dev/nvidia-uvm
UVM,MIGRATE_HtoD,0x7fb286200000,1765867870626909341,,,NOT_RESIDENT,/dev/nvidia-uvm
UVM,MIGRATE_HtoD,0x7fb28621e000,1765867870626917693,,,NOT_RESIDENT,/dev/nvidia-uvm
UVM,MIGRATE_HtoD,0x7fb28621f000,1765867870626920989,,,NOT_RESIDENT,/dev/nvidia-uvm
UVM,MIGRATE_HtoD,0x7fb286220000,1765867870626924285,,,NOT_RESIDENT,/dev/nvidia-uvm
UVM,MIGRATE_HtoD,0x7fb286221000,1765867870626927773,,,NOT_RESIDENT,/dev/nvidia-uvm
UVM,MIGRATE_HtoD,0x7fb286223000,1765867870626931549,,,NOT_RESIDENT,/dev/nvidia-uvm
UVM,MIGRATE_HtoD,0x7fb286224000,1765867870626934845,,,NOT_RESIDENT,/dev/nvidia-uvm
UVM,MIGRATE_HtoD,0x7fb286229000,1765867870626939101,,,NOT_RESIDENT,/dev/nvidia-uvm
UVM,MIGRATE_HtoD,0x7fb286231000,1765867870626943485,,,NOT_RESIDENT,/dev/nvidia-uvm
UVM,MIGRATE_HtoD,0x7fb286232000,1765867870626947133,,,NOT_RESIDENT,/dev/nvidia-uvm
UVM,MIGRATE_HtoD,0x7fb286233000,1765867870626950557,,,NOT_RESIDENT,/dev/nvidia-uvm
UVM,MIGRATE_HtoD,0x7fb286234000,1765867870626953853,,,NOT_RESIDENT,/dev/nvidia-uvm
UVM,MIGRATE_HtoD,0x7fb286235000,1765867870626957533,,,NOT_RESIDENT,/dev/nvidia-uvm
UVM,MIGRATE_HtoD,0x7fb286236000,1765867870626960829,,,NOT_RESIDENT,/dev/nvidia-uvm
UVM,MIGRATE_HtoD,0x7fb28623c000,1765867870626965149,,,NOT_RESIDENT,/dev/nvidia-uvm
UVM,MIGRATE_HtoD,0x7fb28623e000,1765867870626968605,,,NOT_RESIDENT,/dev/nvidia-uvm
UVM,MIGRATE_HtoD,0x7fb286241000,1765867870626972189,,,NOT_RESIDENT,/dev/nvidia-uvm
UVM,MIGRATE_HtoD,0x7fb286242000,1765867870626975485,,,NOT_RESIDENT,/dev/nvidia-uvm
UVM,MIGRATE_HtoD,0x7fb28624f000,1765867870626980669,,,NOT_RESIDENT,/dev/nvidia-uvm
UVM,MIGRATE_HtoD,0x7fb286250000,1765867870626984317,,,NOT_RESIDENT,/dev/nvidia-uvm
UVM,MIGRATE_HtoD,0x7fb286254000,1765867870626988413,,,NOT_RESIDENT,/dev/nvidia-uvm
UVM,MIGRATE_HtoD,0x7fb286255000,1765867870626991677,,,NOT_RESIDENT,/dev/nvidia-uvm
UVM,GPU_PAGE_FAULT,0x7fb286200000,1765867870626485279,,,NOT_RESIDENT,/dev/nvidia-uvm
UVM,MIGRATE_HtoD,0x7fb286280000,1765867870627413020,,,NOT_RESIDENT,/dev/nvidia-uvm
UVM,MIGRATE_HtoD,0x7fb286294000,1765867870627419419,,,NOT_RESIDENT,/dev/nvidia-uvm
UVM,MIGRATE_HtoD,0x7fb286295000,1765867870627422716,,,NOT_RESIDENT,/dev/nvidia-uvm
UVM,MIGRATE_HtoD,0x7fb286298000,1765867870627426715,,,NOT_RESIDENT,/dev/nvidia-uvm
UVM,MIGRATE_HtoD,0x7fb286299000,1765867870627430012,,,NOT_RESIDENT,/dev/nvidia-uvm
UVM,MIGRATE_HtoD,0x7fb28629c000,1765867870627433948,,,NOT_RESIDENT,/dev/nvidia-uvm
UVM,MIGRATE_HtoD,0x7fb28629d000,1765867870627437211,,,NOT_RESIDENT,/dev/nvidia-uvm
UVM,MIGRATE_HtoD,0x7fb28629f000,1765867870627441019,,,NOT_RESIDENT,/dev/nvidia-uvm
UVM,MIGRATE_HtoD,0x7fb2862a2000,1765867870627444956,,,NOT_RESIDENT,/dev/nvidia-uvm
UVM,MIGRATE_HtoD,0x7fb2862a4000,1765867870627448412,,,NOT_RESIDENT,/dev/nvidia-uvm
UVM,MIGRATE_HtoD,0x7fb2862a5000,1765867870627451707,,,NOT_RESIDENT,/dev/nvidia-uvm
UVM,MIGRATE_HtoD,0x7fb2862a8000,1765867870627455323,,,NOT_RESIDENT,/dev/nvidia-uvm
UVM,MIGRATE_HtoD,0x7fb2862a9000,1765867870627458620,,,NOT_RESIDENT,/dev/nvidia-uvm
UVM,MIGRATE_HtoD,0x7fb2862aa000,1765867870627462108,,,NOT_RESIDENT,/dev/nvidia-uvm
UVM,MIGRATE_HtoD,0x7fb2862ad000,1765867870627465723,,,NOT_RESIDENT,/dev/nvidia-uvm
UVM,MIGRATE_HtoD,0x7fb2862ae000,1765867870627469339,,,NOT_RESIDENT,/dev/nvidia-uvm
UVM,MIGRATE_HtoD,0x7fb2862af000,1765867870627472603,,,NOT_RESIDENT,/dev/nvidia-uvm
UVM,MIGRATE_HtoD,0x7fb2862b0000,1765867870627476284,,,NOT_RESIDENT,/dev/nvidia-uvm
UVM,MIGRATE_HtoD,0x7fb2862b2000,1765867870627480059,,,NOT_RESIDENT,/dev/nvidia-uvm
UVM,MIGRATE_HtoD,0x7fb2862b4000,1765867870627483515,,,NOT_RESIDENT,/dev/nvidia-uvm
UVM,MIGRATE_HtoD,0x7fb2862be000,1765867870627488507,,,NOT_RESIDENT,/dev/nvidia-uvm
UVM,MIGRATE_HtoD,0x7fb2862bf000,1765867870627491803,,,NOT_RESIDENT,/dev/nvidia-uvm
UVM,MIGRATE_HtoD,0x7fb2862c1000,1765867870627495548,,,NOT_RESIDENT,/dev/nvidia-uvm
UVM,MIGRATE_HtoD,0x7fb2862c2000,1765867870627499067,,,NOT_RESIDENT,/dev/nvidia-uvm
UVM,MIGRATE_HtoD,0x7fb2862c4000,1765867870627502491,,,NOT_RESIDENT,/dev/nvidia-uvm
UVM,MIGRATE_HtoD,0x7fb2862c5000,1765867870627505787,,,NOT_RESIDENT,/dev/nvidia-uvm
UVM,MIGRATE_HtoD,0x7fb2862c6000,1765867870627509083,,,NOT_RESIDENT,/dev/nvidia-uvm
UVM,MIGRATE_HtoD,0x7fb2862c7000,1765867870627512379,,,NOT_RESIDENT,/dev/nvidia-uvm
UVM,MIGRATE_HtoD,0x7fb2862cb000,1765867870627516475,,,NOT_RESIDENT,/dev/nvidia-uvm
UVM,MIGRATE_HtoD,0x7fb2862ce000,1765867870627520059,,,NOT_RESIDENT,/dev/nvidia-uvm
UVM,MIGRATE_HtoD,0x7fb2862d0000,1765867870627523835,,,NOT_RESIDENT,/dev/nvidia-uvm
UVM,MIGRATE_HtoD,0x7fb2862d1000,1765867870627527259,,,NOT_RESIDENT,/dev/nvidia-uvm
UVM,MIGRATE_HtoD,0x7fb2862d2000,1765867870627530523,,,NOT_RESIDENT,/dev/nvidia-uvm
UVM,MIGRATE_HtoD,0x7fb2862d4000,1765867870627534331,,,NOT_RESIDENT,/dev/nvidia-uvm
UVM,GPU_PAGE_FAULT,0x7fb286280000,1765867870627019581,,,NOT_RESIDENT,/dev/nvidia-uvm
UVM,MIGRATE_HtoD,0x7fb286300000,1765867870628086105,,,NOT_RESIDENT,/dev/nvidia-uvm
UVM,MIGRATE_HtoD,0x7fb286302000,1765867870628089561,,,NOT_RESIDENT,/dev/nvidia-uvm
UVM,MIGRATE_HtoD,0x7fb286303000,1765867870628093113,,,NOT_RESIDENT,/dev/nvidia-uvm
UVM,MIGRATE_HtoD,0x7fb286305000,1765867870628096569,,,NOT_RESIDENT,/dev/nvidia-uvm
UVM,MIGRATE_HtoD,0x7fb286306000,1765867870628100217,,,NOT_RESIDENT,/dev/nvidia-uvm
UVM,MIGRATE_HtoD,0x7fb286311000,1765867870628105113,,,NOT_RESIDENT,/dev/nvidia-uvm
UVM,MIGRATE_HtoD,0x7fb286312000,1765867870628108409,,,NOT_RESIDENT,/dev/nvidia-uvm
UVM,MIGRATE_HtoD,0x7fb286316000,1765867870628112473,,,NOT_RESIDENT,/dev/nvidia-uvm
UVM,MIGRATE_HtoD,0x7fb286318000,1765867870628115897,,,NOT_RESIDENT,/dev/nvidia-uvm
UVM,MIGRATE_HtoD,0x7fb28631b000,1765867870628119801,,,NOT_RESIDENT,/dev/nvidia-uvm
UVM,MIGRATE_HtoD,0x7fb28631c000,1765867870628123097,,,NOT_RESIDENT,/dev/nvidia-uvm
UVM,MIGRATE_HtoD,0x7fb286322000,1765867870628127417,,,NOT_RESIDENT,/dev/nvidia-uvm
UVM,MIGRATE_HtoD,0x7fb286324000,1765867870628131225,,,NOT_RESIDENT,/dev/nvidia-uvm
UVM,MIGRATE_HtoD,0x7fb286327000,1765867870628134809,,,NOT_RESIDENT,/dev/nvidia-uvm
UVM,MIGRATE_HtoD,0x7fb28632a000,1765867870628138425,,,NOT_RESIDENT,/dev/nvidia-uvm
UVM,MIGRATE_HtoD,0x7fb286333000,1765867870628143097,,,NOT_RESIDENT,/dev/nvidia-uvm
UVM,MIGRATE_HtoD,0x7fb286334000,1765867870628146393,,,NOT_RESIDENT,/dev/nvidia-uvm
UVM,MIGRATE_HtoD,0x7fb286335000,1765867870628149689,,,NOT_RESIDENT,/dev/nvidia-uvm
UVM,MIGRATE_HtoD,0x7fb286337000,1765867870628153113,,,NOT_RESIDENT,/dev/nvidia-uvm
UVM,MIGRATE_HtoD,0x7fb28633c000,1765867870628157049,,,NOT_RESIDENT,/dev/nvidia-uvm
UVM,MIGRATE_HtoD,0x7fb28633d000,1765867870628160345,,,NOT_RESIDENT,/dev/nvidia-uvm
UVM,MIGRATE_HtoD,0x7fb28633e000,1765867870628163641,,,NOT_RESIDENT,/dev/nvidia-uvm
UVM,MIGRATE_HtoD,0x7fb28634a000,1765867870628168953,,,NOT_RESIDENT,/dev/nvidia-uvm
UVM,MIGRATE_HtoD,0x7fb28634b000,1765867870628172249,,,NOT_RESIDENT,/dev/nvidia-uvm
UVM,MIGRATE_HtoD,0x7fb28634d000,1765867870628175993,,,NOT_RESIDENT,/dev/nvidia-uvm
UVM,MIGRATE_HtoD,0x7fb28634e000,1765867870628179513,,,NOT_RESIDENT,/dev/nvidia-uvm
UVM,MIGRATE_HtoD,0x7fb286350000,1765867870628182969,,,NOT_RESIDENT,/dev/nvidia-uvm
UVM,MIGRATE_HtoD,0x7fb286352000,1765867870628186393,,,NOT_RESIDENT,/dev/nvidia-uvm
UVM,MIGRATE_HtoD,0x7fb286354000,1765867870628190137,,,NOT_RESIDENT,/dev/nvidia-uvm
UVM,MIGRATE_HtoD,0x7fb286355000,1765867870628193433,,,NOT_RESIDENT,/dev/nvidia-uvm
UVM,GPU_PAGE_FAULT,0x7fb286300000,1765867870627669179,,,NOT_RESIDENT,/dev/nvidia-uvm
UVM,MIGRATE_HtoD,0x7fb286400000,1765867870628871543,,,NOT_RESIDENT,/dev/nvidia-uvm
UVM,MIGRATE_HtoD,0x7fb286413000,1765867870628877975,,,NOT_RESIDENT,/dev/nvidia-uvm
UVM,MIGRATE_HtoD,0x7fb286414000,1765867870628881271,,,NOT_RESIDENT,/dev/nvidia-uvm
UVM,MIGRATE_HtoD,0x7fb28641c000,1765867870628885975,,,NOT_RESIDENT,/dev/nvidia-uvm
UVM,MIGRATE_HtoD,0x7fb28641d000,1765867870628889239,,,NOT_RESIDENT,/dev/nvidia-uvm
UVM,MIGRATE_HtoD,0x7fb286424000,1765867870628893783,,,NOT_RESIDENT,/dev/nvidia-uvm
UVM,MIGRATE_HtoD,0x7fb286426000,1765867870628897495,,,NOT_RESIDENT,/dev/nvidia-uvm
UVM,MIGRATE_HtoD,0x7fb286428000,1765867870628900919,,,NOT_RESIDENT,/dev/nvidia-uvm
UVM,MIGRATE_HtoD,0x7fb286429000,1765867870628904567,,,NOT_RESIDENT,/dev/nvidia-uvm
UVM,MIGRATE_HtoD,0x7fb28642b000,1765867870628908023,,,NOT_RESIDENT,/dev/nvidia-uvm
UVM,MIGRATE_HtoD,0x7fb28642c000,1765867870628911479,,,NOT_RESIDENT,/dev/nvidia-uvm
UVM,MIGRATE_HtoD,0x7fb28642d000,1765867870628914807,,,NOT_RESIDENT,/dev/nvidia-uvm
UVM,MIGRATE_HtoD,0x7fb28642e000,1765867870628918070,,,NOT_RESIDENT,/dev/nvidia-uvm
UVM,MIGRATE_HtoD,0x7fb28642f000,1765867870628921367,,,NOT_RESIDENT,/dev/nvidia-uvm
UVM,MIGRATE_HtoD,0x7fb286430000,1765867870628924695,,,NOT_RESIDENT,/dev/nvidia-uvm
UVM,MIGRATE_HtoD,0x7fb286431000,1765867870628927991,,,NOT_RESIDENT,/dev/nvidia-uvm
UVM,MIGRATE_HtoD,0x7fb286433000,1765867870628931735,,,NOT_RESIDENT,/dev/nvidia-uvm
UVM,MIGRATE_HtoD,0x7fb286434000,1765867870628935063,,,NOT_RESIDENT,/dev/nvidia-uvm
UVM,MIGRATE_HtoD,0x7fb286437000,1765867870628938999,,,NOT_RESIDENT,/dev/nvidia-uvm
UVM,MIGRATE_HtoD,0x7fb286439000,1765867870628942455,,,NOT_RESIDENT,/dev/nvidia-uvm
UVM,MIGRATE_HtoD,0x7fb28643e000,1765867870628946742,,,NOT_RESIDENT,/dev/nvidia-uvm
UVM,MIGRATE_HtoD,0x7fb28643f000,1765867870628950038,,,NOT_RESIDENT,/dev/nvidia-uvm
UVM,MIGRATE_HtoD,0x7fb286440000,1765867870628953335,,,NOT_RESIDENT,/dev/nvidia-uvm
UVM,MIGRATE_HtoD,0x7fb286441000,1765867870628956631,,,NOT_RESIDENT,/dev/nvidia-uvm
UVM,MIGRATE_HtoD,0x7fb286452000,1765867870628962551,,,NOT_RESIDENT,/dev/nvidia-uvm
UVM,MIGRATE_HtoD,0x7fb286453000,1765867870628965814,,,NOT_RESIDENT,/dev/nvidia-uvm
UVM,MIGRATE_HtoD,0x7fb28645c000,1765867870628970679,,,NOT_RESIDENT,/dev/nvidia-uvm
UVM,MIGRATE_HtoD,0x7fb28645d000,1765867870628973942,,,NOT_RESIDENT,/dev/nvidia-uvm
UVM,MIGRATE_HtoD,0x7fb286463000,1765867870628978358,,,NOT_RESIDENT,/dev/nvidia-uvm
UVM,MIGRATE_HtoD,0x7fb286464000,1765867870628981943,,,NOT_RESIDENT,/dev/nvidia-uvm
UVM,GPU_PAGE_FAULT,0x7fb286400000,1765867870628397976,,,NOT_RESIDENT,/dev/nvidia-uvm
UVM,MIGRATE_HtoD,0x7fb286480000,1765867870629394165,,,NOT_RESIDENT,/dev/nvidia-uvm
UVM,MIGRATE_HtoD,0x7fb28648a000,1765867870629398869,,,NOT_RESIDENT,/dev/nvidia-uvm
UVM,MIGRATE_HtoD,0x7fb28648b000,1765867870629402389,,,NOT_RESIDENT,/dev/nvidia-uvm
UVM,MIGRATE_HtoD,0x7fb28648c000,1765867870629405685,,,NOT_RESIDENT,/dev/nvidia-uvm
UVM,MIGRATE_HtoD,0x7fb28648d000,1765867870629408981,,,NOT_RESIDENT,/dev/nvidia-uvm
UVM,MIGRATE_HtoD,0x7fb286490000,1765867870629412565,,,NOT_RESIDENT,/dev/nvidia-uvm
UVM,MIGRATE_HtoD,0x7fb286491000,1765867870629416117,,,NOT_RESIDENT,/dev/nvidia-uvm
UVM,MIGRATE_HtoD,0x7fb286495000,1765867870629419861,,,NOT_RESIDENT,/dev/nvidia-uvm
UVM,MIGRATE_HtoD,0x7fb286496000,1765867870629423317,,,NOT_RESIDENT,/dev/nvidia-uvm
UVM,MIGRATE_HtoD,0x7fb286499000,1765867870629426837,,,NOT_RESIDENT,/dev/nvidia-uvm
UVM,MIGRATE_HtoD,0x7fb28649c000,1765867870629430805,,,NOT_RESIDENT,/dev/nvidia-uvm
UVM,MIGRATE_HtoD,0x7fb28649e000,1765867870629434261,,,NOT_RESIDENT,/dev/nvidia-uvm
UVM,MIGRATE_HtoD,0x7fb28649f000,1765867870629437813,,,NOT_RESIDENT,/dev/nvidia-uvm
UVM,MIGRATE_HtoD,0x7fb2864a1000,1765867870629441461,,,NOT_RESIDENT,/dev/nvidia-uvm
UVM,MIGRATE_HtoD,0x7fb2864a2000,1765867870629444757,,,NOT_RESIDENT,/dev/nvidia-uvm
UVM,MIGRATE_HtoD,0x7fb2864a3000,1765867870629448053,,,NOT_RESIDENT,/dev/nvidia-uvm
UVM,MIGRATE_HtoD,0x7fb2864a7000,1765867870629451829,,,NOT_RESIDENT,/dev/nvidia-uvm
UVM,MIGRATE_HtoD,0x7fb2864a8000,1765867870629455125,,,NOT_RESIDENT,/dev/nvidia-uvm
UVM,MIGRATE_HtoD,0x7fb2864aa000,1765867870629458965,,,NOT_RESIDENT,/dev/nvidia-uvm
UVM,MIGRATE_HtoD,0x7fb2864ad000,1765867870629462549,,,NOT_RESIDENT,/dev/nvidia-uvm
UVM,MIGRATE_HtoD,0x7fb2864ae000,1765867870629466037,,,NOT_RESIDENT,/dev/nvidia-uvm
UVM,MIGRATE_HtoD,0x7fb2864b0000,1765867870629469493,,,NOT_RESIDENT,/dev/nvidia-uvm
UVM,MIGRATE_HtoD,0x7fb2864b1000,1765867870629472789,,,NOT_RESIDENT,/dev/nvidia-uvm
UVM,MIGRATE_HtoD,0x7fb2864b4000,1765867870629476725,,,NOT_RESIDENT,/dev/nvidia-uvm
UVM,MIGRATE_HtoD,0x7fb2864b6000,1765867870629480181,,,NOT_RESIDENT,/dev/nvidia-uvm
UVM,MIGRATE_HtoD,0x7fb2864b7000,1765867870629483445,,,NOT_RESIDENT,/dev/nvidia-uvm
UVM,MIGRATE_HtoD,0x7fb2864b8000,1765867870629486741,,,NOT_RESIDENT,/dev/nvidia-uvm
UVM,MIGRATE_HtoD,0x7fb2864ba000,1765867870629490165,,,NOT_RESIDENT,/dev/nvidia-uvm
UVM,MIGRATE_HtoD,0x7fb2864bd000,1765867870629494069,,,NOT_RESIDENT,/dev/nvidia-uvm
UVM,MIGRATE_HtoD,0x7fb2864be000,1765867870629497365,,,NOT_RESIDENT,/dev/nvidia-uvm
UVM,MIGRATE_HtoD,0x7fb2864bf000,1765867870629500725,,,NOT_RESIDENT,/dev/nvidia-uvm
UVM,MIGRATE_HtoD,0x7fb2864c0000,1765867870629504021,,,NOT_RESIDENT,/dev/nvidia-uvm
UVM,MIGRATE_HtoD,0x7fb2864c3000,1765867870629507637,,,NOT_RESIDENT,/dev/nvidia-uvm
UVM,MIGRATE_HtoD,0x7fb2864c4000,1765867870629510965,,,NOT_RESIDENT,/dev/nvidia-uvm
UVM,MIGRATE_HtoD,0x7fb2864c7000,1765867870629514549,,,NOT_RESIDENT,/dev/nvidia-uvm
UVM,MIGRATE_HtoD,0x7fb2864ca000,1765867870629518165,,,NOT_RESIDENT,/dev/nvidia-uvm
UVM,MIGRATE_HtoD,0x7fb2864cd000,1765867870629521749,,,NOT_RESIDENT,/dev/nvidia-uvm
UVM,MIGRATE_HtoD,0x7fb2864ce000,1765867870629525333,,,NOT_RESIDENT,/dev/nvidia-uvm
UVM,MIGRATE_HtoD,0x7fb2864cf000,1765867870629529013,,,NOT_RESIDENT,/dev/nvidia-uvm
UVM,MIGRATE_HtoD,0x7fb2864d0000,1765867870629532277,,,NOT_RESIDENT,/dev/nvidia-uvm
UVM,MIGRATE_HtoD,0x7fb2864d1000,1765867870629535572,,,NOT_RESIDENT,/dev/nvidia-uvm
UVM,MIGRATE_HtoD,0x7fb2864d7000,1765867870629539957,,,NOT_RESIDENT,/dev/nvidia-uvm
UVM,GPU_PAGE_FAULT,0x7fb286480000,1765867870629001174,,,NOT_RESIDENT,/dev/nvidia-uvm
UVM,MIGRATE_HtoD,0x7fb286500000,1765867870629988275,,,NOT_RESIDENT,/dev/nvidia-uvm
UVM,MIGRATE_HtoD,0x7fb28650e000,1765867870629993651,,,NOT_RESIDENT,/dev/nvidia-uvm
UVM,MIGRATE_HtoD,0x7fb286511000,1765867870629997619,,,NOT_RESIDENT,/dev/nvidia-uvm
UVM,MIGRATE_HtoD,0x7fb286512000,1765867870630001139,,,NOT_RESIDENT,/dev/nvidia-uvm
UVM,MIGRATE_HtoD,0x7fb286513000,1765867870630004435,,,NOT_RESIDENT,/dev/nvidia-uvm
UVM,MIGRATE_HtoD,0x7fb286518000,1765867870630008659,,,NOT_RESIDENT,/dev/nvidia-uvm
UVM,MIGRATE_HtoD,0x7fb28651c000,1765867870630012403,,,NOT_RESIDENT,/dev/nvidia-uvm
UVM,MIGRATE_HtoD,0x7fb286522000,1765867870630016755,,,NOT_RESIDENT,/dev/nvidia-uvm
UVM,MIGRATE_HtoD,0x7fb286523000,1765867870630020435,,,NOT_RESIDENT,/dev/nvidia-uvm
UVM,MIGRATE_HtoD,0x7fb286524000,1765867870630023731,,,NOT_RESIDENT,/dev/nvidia-uvm
UVM,MIGRATE_HtoD,0x7fb286525000,1765867870630027283,,,NOT_RESIDENT,/dev/nvidia-uvm
UVM,MIGRATE_HtoD,0x7fb286527000,1765867870630030739,,,NOT_RESIDENT,/dev/nvidia-uvm
UVM,MIGRATE_HtoD,0x7fb286528000,1765867870630034227,,,NOT_RESIDENT,/dev/nvidia-uvm
UVM,MIGRATE_HtoD,0x7fb286529000,1765867870630037523,,,NOT_RESIDENT,/dev/nvidia-uvm
UVM,MIGRATE_HtoD,0x7fb28652e000,1765867870630041427,,,NOT_RESIDENT,/dev/nvidia-uvm
UVM,MIGRATE_HtoD,0x7fb28652f000,1765867870630044723,,,NOT_RESIDENT,/dev/nvidia-uvm
UVM,MIGRATE_HtoD,0x7fb286530000,1765867870630048019,,,NOT_RESIDENT,/dev/nvidia-uvm
UVM,MIGRATE_HtoD,0x7fb286532000,1765867870630051443,,,NOT_RESIDENT,/dev/nvidia-uvm
UVM,MIGRATE_HtoD,0x7fb286535000,1765867870630055411,,,NOT_RESIDENT,/dev/nvidia-uvm
UVM,MIGRATE_HtoD,0x7fb286538000,1765867870630059027,,,NOT_RESIDENT,/dev/nvidia-uvm
UVM,MIGRATE_HtoD,0x7fb28653b000,1765867870630062995,,,NOT_RESIDENT,/dev/nvidia-uvm
UVM,MIGRATE_HtoD,0x7fb28653d000,1765867870630066419,,,NOT_RESIDENT,/dev/nvidia-uvm
UVM,MIGRATE_HtoD,0x7fb28653e000,1765867870630069939,,,NOT_RESIDENT,/dev/nvidia-uvm
UVM,MIGRATE_HtoD,0x7fb286541000,1765867870630073811,,,NOT_RESIDENT,/dev/nvidia-uvm
UVM,MIGRATE_HtoD,0x7fb286544000,1765867870630077427,,,NOT_RESIDENT,/dev/nvidia-uvm
UVM,MIGRATE_HtoD,0x7fb286547000,1765867870630081363,,,NOT_RESIDENT,/dev/nvidia-uvm
UVM,MIGRATE_HtoD,0x7fb286548000,1765867870630084659,,,NOT_RESIDENT,/dev/nvidia-uvm
UVM,MIGRATE_HtoD,0x7fb286549000,1765867870630087955,,,NOT_RESIDENT,/dev/nvidia-uvm
UVM,MIGRATE_HtoD,0x7fb28654a000,1765867870630091251,,,NOT_RESIDENT,/dev/nvidia-uvm
UVM,MIGRATE_HtoD,0x7fb28654b000,1765867870630094771,,,NOT_RESIDENT,/dev/nvidia-uvm
UVM,GPU_PAGE_FAULT,0x7fb286500000,1765867870629637044,,,NOT_RESIDENT,/dev/nvidia-uvm
UVM,MIGRATE_HtoD,0x7fb286600000,1765867870630635281,,,NOT_RESIDENT,/dev/nvidia-uvm
UVM,MIGRATE_HtoD,0x7fb286611000,1765867870630641425,,,NOT_RESIDENT,/dev/nvidia-uvm
UVM,MIGRATE_HtoD,0x7fb286612000,1765867870630644721,,,NOT_RESIDENT,/dev/nvidia-uvm
UVM,MIGRATE_HtoD,0x7fb286617000,1765867870630648977,,,NOT_RESIDENT,/dev/nvidia-uvm
UVM,MIGRATE_HtoD,0x7fb286618000,1765867870630652273,,,NOT_RESIDENT,/dev/nvidia-uvm
UVM,MIGRATE_HtoD,0x7fb286619000,1765867870630655761,,,NOT_RESIDENT,/dev/nvidia-uvm
UVM,MIGRATE_HtoD,0x7fb28661b000,1765867870630659217,,,NOT_RESIDENT,/dev/nvidia-uvm
UVM,MIGRATE_HtoD,0x7fb28662a000,1765867870630665201,,,NOT_RESIDENT,/dev/nvidia-uvm
UVM,MIGRATE_HtoD,0x7fb28662c000,1765867870630668625,,,NOT_RESIDENT,/dev/nvidia-uvm
UVM,MIGRATE_HtoD,0x7fb28662d000,1765867870630672017,,,NOT_RESIDENT,/dev/nvidia-uvm
UVM,MIGRATE_HtoD,0x7fb28662e000,1765867870630675665,,,NOT_RESIDENT,/dev/nvidia-uvm
UVM,MIGRATE_HtoD,0x7fb28662f000,1765867870630678961,,,NOT_RESIDENT,/dev/nvidia-uvm
UVM,MIGRATE_HtoD,0x7fb286630000,1765867870630682449,,,NOT_RESIDENT,/dev/nvidia-uvm
UVM,MIGRATE_HtoD,0x7fb286633000,1765867870630686321,,,NOT_RESIDENT,/dev/nvidia-uvm
UVM,MIGRATE_HtoD,0x7fb286634000,1765867870630689585,,,NOT_RESIDENT,/dev/nvidia-uvm
UVM,MIGRATE_HtoD,0x7fb286638000,1765867870630693617,,,NOT_RESIDENT,/dev/nvidia-uvm
UVM,MIGRATE_HtoD,0x7fb28663a000,1765867870630697041,,,NOT_RESIDENT,/dev/nvidia-uvm
UVM,MIGRATE_HtoD,0x7fb28663c000,1765867870630700497,,,NOT_RESIDENT,/dev/nvidia-uvm
UVM,MIGRATE_HtoD,0x7fb286645000,1765867870630705073,,,NOT_RESIDENT,/dev/nvidia-uvm
UVM,MIGRATE_HtoD,0x7fb286646000,1765867870630708337,,,NOT_RESIDENT,/dev/nvidia-uvm
UVM,MIGRATE_HtoD,0x7fb286658000,1765867870630714481,,,NOT_RESIDENT,/dev/nvidia-uvm
UVM,MIGRATE_HtoD,0x7fb286659000,1765867870630718129,,,NOT_RESIDENT,/dev/nvidia-uvm
UVM,GPU_PAGE_FAULT,0x7fb286600000,1765867870630259890,,,NOT_RESIDENT,/dev/nvidia-uvm
UVM,MIGRATE_HtoD,0x7fb286680000,1765867870631095311,,,NOT_RESIDENT,/dev/nvidia-uvm
UVM,MIGRATE_HtoD,0x7fb28668b000,1765867870631100143,,,NOT_RESIDENT,/dev/nvidia-uvm
UVM,MIGRATE_HtoD,0x7fb28668c000,1765867870631103664,,,NOT_RESIDENT,/dev/nvidia-uvm
UVM,MIGRATE_HtoD,0x7fb286692000,1765867870631107919,,,NOT_RESIDENT,/dev/nvidia-uvm
UVM,MIGRATE_HtoD,0x7fb286694000,1765867870631111375,,,NOT_RESIDENT,/dev/nvidia-uvm
UVM,MIGRATE_HtoD,0x7fb286697000,1765867870631115312,,,NOT_RESIDENT,/dev/nvidia-uvm
UVM,MIGRATE_HtoD,0x7fb286698000,1765867870631118640,,,NOT_RESIDENT,/dev/nvidia-uvm
UVM,MIGRATE_HtoD,0x7fb28669a000,1765867870631122063,,,NOT_RESIDENT,/dev/nvidia-uvm
UVM,MIGRATE_HtoD,0x7fb28669b000,1765867870631125359,,,NOT_RESIDENT,/dev/nvidia-uvm
UVM,MIGRATE_HtoD,0x7fb28669f000,1765867870631129071,,,NOT_RESIDENT,/dev/nvidia-uvm
UVM,MIGRATE_HtoD,0x7fb2866a2000,1765867870631132687,,,NOT_RESIDENT,/dev/nvidia-uvm
UVM,MIGRATE_HtoD,0x7fb2866a6000,1765867870631136559,,,NOT_RESIDENT,/dev/nvidia-uvm
UVM,MIGRATE_HtoD,0x7fb2866a8000,1765867870631140175,,,NOT_RESIDENT,/dev/nvidia-uvm
UVM,MIGRATE_HtoD,0x7fb2866a9000,1765867870631143823,,,NOT_RESIDENT,/dev/nvidia-uvm
UVM,MIGRATE_HtoD,0x7fb2866aa000,1765867870631147119,,,NOT_RESIDENT,/dev/nvidia-uvm
UVM,MIGRATE_HtoD,0x7fb2866ab000,1765867870631150575,,,NOT_RESIDENT,/dev/nvidia-uvm
UVM,MIGRATE_HtoD,0x7fb2866ad000,1765867870631153999,,,NOT_RESIDENT,/dev/nvidia-uvm
UVM,MIGRATE_HtoD,0x7fb2866af000,1765867870631157775,,,NOT_RESIDENT,/dev/nvidia-uvm
UVM,MIGRATE_HtoD,0x7fb2866b3000,1765867870631161807,,,NOT_RESIDENT,/dev/nvidia-uvm
UVM,MIGRATE_HtoD,0x7fb2866b4000,1765867870631165103,,,NOT_RESIDENT,/dev/nvidia-uvm
UVM,MIGRATE_HtoD,0x7fb2866b5000,1765867870631168367,,,NOT_RESIDENT,/dev/nvidia-uvm
UVM,MIGRATE_HtoD,0x7fb2866b7000,1765867870631171823,,,NOT_RESIDENT,/dev/nvidia-uvm
UVM,MIGRATE_HtoD,0x7fb2866b8000,1765867870631175119,,,NOT_RESIDENT,/dev/nvidia-uvm
UVM,MIGRATE_HtoD,0x7fb2866b9000,1765867870631178735,,,NOT_RESIDENT,/dev/nvidia-uvm
UVM,MIGRATE_HtoD,0x7fb2866ba000,1765867870631182031,,,NOT_RESIDENT,/dev/nvidia-uvm
UVM,MIGRATE_HtoD,0x7fb2866bb000,1765867870631185647,,,NOT_RESIDENT,/dev/nvidia-uvm
UVM,MIGRATE_HtoD,0x7fb2866bf000,1765867870631189391,,,NOT_RESIDENT,/dev/nvidia-uvm
UVM,MIGRATE_HtoD,0x7fb2866c0000,1765867870631192943,,,NOT_RESIDENT,/dev/nvidia-uvm
UVM,MIGRATE_HtoD,0x7fb2866c3000,1765867870631196879,,,NOT_RESIDENT,/dev/nvidia-uvm
UVM,MIGRATE_HtoD,0x7fb2866c4000,1765867870631200175,,,NOT_RESIDENT,/dev/nvidia-uvm
UVM,MIGRATE_HtoD,0x7fb2866c7000,1765867870631203759,,,NOT_RESIDENT,/dev/nvidia-uvm
UVM,MIGRATE_HtoD,0x7fb2866ca000,1765867870631207343,,,NOT_RESIDENT,/dev/nvidia-uvm
UVM,MIGRATE_HtoD,0x7fb2866cb000,1765867870631210639,,,NOT_RESIDENT,/dev/nvidia-uvm
UVM,MIGRATE_HtoD,0x7fb2866ce000,1765867870631214479,,,NOT_RESIDENT,/dev/nvidia-uvm
UVM,MIGRATE_HtoD,0x7fb2866d2000,1765867870631218511,,,NOT_RESIDENT,/dev/nvidia-uvm
UVM,MIGRATE_HtoD,0x7fb2866d3000,1765867870631221807,,,NOT_RESIDENT,/dev/nvidia-uvm
UVM,GPU_PAGE_FAULT,0x7fb286680000,1765867870630739313,,,NOT_RESIDENT,/dev/nvidia-uvm
UVM,MIGRATE_HtoD,0x7fb286700000,1765867870631668397,,,NOT_RESIDENT,/dev/nvidia-uvm
UVM,MIGRATE_HtoD,0x7fb286705000,1765867870631672557,,,NOT_RESIDENT,/dev/nvidia-uvm
UVM,MIGRATE_HtoD,0x7fb286707000,1765867870631676014,,,NOT_RESIDENT,/dev/nvidia-uvm
UVM,MIGRATE_HtoD,0x7fb28670a000,1765867870631679598,,,NOT_RESIDENT,/dev/nvidia-uvm
UVM,MIGRATE_HtoD,0x7fb28670c000,1765867870631683053,,,NOT_RESIDENT,/dev/nvidia-uvm
UVM,MIGRATE_HtoD,0x7fb28671a000,1765867870631688429,,,NOT_RESIDENT,/dev/nvidia-uvm
UVM,MIGRATE_HtoD,0x7fb28671d000,1765867870631692301,,,NOT_RESIDENT,/dev/nvidia-uvm
UVM,MIGRATE_HtoD,0x7fb28671e000,1765867870631695597,,,NOT_RESIDENT,/dev/nvidia-uvm
UVM,MIGRATE_HtoD,0x7fb28671f000,1765867870631698894,,,NOT_RESIDENT,/dev/nvidia-uvm
UVM,MIGRATE_HtoD,0x7fb286721000,1765867870631702349,,,NOT_RESIDENT,/dev/nvidia-uvm
UVM,MIGRATE_HtoD,0x7fb286722000,1765867870631705613,,,NOT_RESIDENT,/dev/nvidia-uvm
UVM,MIGRATE_HtoD,0x7fb286723000,1765867870631708910,,,NOT_RESIDENT,/dev/nvidia-uvm
UVM,MIGRATE_HtoD,0x7fb286724000,1765867870631712525,,,NOT_RESIDENT,/dev/nvidia-uvm
UVM,MIGRATE_HtoD,0x7fb286725000,1765867870631715821,,,NOT_RESIDENT,/dev/nvidia-uvm
UVM,MIGRATE_HtoD,0x7fb286727000,1765867870631719629,,,NOT_RESIDENT,/dev/nvidia-uvm
UVM,MIGRATE_HtoD,0x7fb28672a000,1765867870631723214,,,NOT_RESIDENT,/dev/nvidia-uvm
UVM,MIGRATE_HtoD,0x7fb28672d000,1765867870631727117,,,NOT_RESIDENT,/dev/nvidia-uvm
UVM,MIGRATE_HtoD,0x7fb286730000,1765867870631730702,,,NOT_RESIDENT,/dev/nvidia-uvm
UVM,MIGRATE_HtoD,0x7fb286744000,1765867870631737101,,,NOT_RESIDENT,/dev/nvidia-uvm
UVM,MIGRATE_HtoD,0x7fb286745000,1765867870631740685,,,NOT_RESIDENT,/dev/nvidia-uvm
UVM,MIGRATE_HtoD,0x7fb28674c000,1765867870631745165,,,NOT_RESIDENT,/dev/nvidia-uvm
UVM,MIGRATE_HtoD,0x7fb28674d000,1765867870631748461,,,NOT_RESIDENT,/dev/nvidia-uvm
UVM,GPU_PAGE_FAULT,0x7fb286700000,1765867870631339055,,,NOT_RESIDENT,/dev/nvidia-uvm
UVM,MIGRATE_HtoD,0x7fb286800000,1765867870632349707,,,NOT_RESIDENT,/dev/nvidia-uvm
UVM,MIGRATE_HtoD,0x7fb28680e000,1765867870632355339,,,NOT_RESIDENT,/dev/nvidia-uvm
UVM,MIGRATE_HtoD,0x7fb28680f000,1765867870632358859,,,NOT_RESIDENT,/dev/nvidia-uvm
UVM,MIGRATE_HtoD,0x7fb286813000,1765867870632362987,,,NOT_RESIDENT,/dev/nvidia-uvm
UVM,MIGRATE_HtoD,0x7fb286815000,1765867870632366411,,,NOT_RESIDENT,/dev/nvidia-uvm
UVM,MIGRATE_HtoD,0x7fb286818000,1765867870632369995,,,NOT_RESIDENT,/dev/nvidia-uvm
UVM,MIGRATE_HtoD,0x7fb28681a000,1765867870632373451,,,NOT_RESIDENT,/dev/nvidia-uvm
UVM,MIGRATE_HtoD,0x7fb28681c000,1765867870632376907,,,NOT_RESIDENT,/dev/nvidia-uvm
UVM,MIGRATE_HtoD,0x7fb28681d000,1765867870632380363,,,NOT_RESIDENT,/dev/nvidia-uvm
UVM,MIGRATE_HtoD,0x7fb286822000,1765867870632384427,,,NOT_RESIDENT,/dev/nvidia-uvm
UVM,MIGRATE_HtoD,0x7fb286823000,1765867870632387723,,,NOT_RESIDENT,/dev/nvidia-uvm
UVM,MIGRATE_HtoD,0x7fb286826000,1765867870632391691,,,NOT_RESIDENT,/dev/nvidia-uvm
UVM,MIGRATE_HtoD,0x7fb286827000,1765867870632395019,,,NOT_RESIDENT,/dev/nvidia-uvm
UVM,MIGRATE_HtoD,0x7fb28682e000,1765867870632399563,,,NOT_RESIDENT,/dev/nvidia-uvm
UVM,MIGRATE_HtoD,0x7fb286831000,1765867870632403467,,,NOT_RESIDENT,/dev/nvidia-uvm
UVM,MIGRATE_HtoD,0x7fb286836000,1765867870632407371,,,NOT_RESIDENT,/dev/nvidia-uvm
UVM,MIGRATE_HtoD,0x7fb28683e000,1765867870632412107,,,NOT_RESIDENT,/dev/nvidia-uvm
UVM,MIGRATE_HtoD,0x7fb28683f000,1765867870632415403,,,NOT_RESIDENT,/dev/nvidia-uvm
UVM,MIGRATE_HtoD,0x7fb286840000,1765867870632418987,,,NOT_RESIDENT,/dev/nvidia-uvm
UVM,MIGRATE_HtoD,0x7fb286841000,1765867870632422699,,,NOT_RESIDENT,/dev/nvidia-uvm
UVM,MIGRATE_HtoD,0x7fb286844000,1765867870632426283,,,NOT_RESIDENT,/dev/nvidia-uvm
UVM,MIGRATE_HtoD,0x7fb286845000,1765867870632429771,,,NOT_RESIDENT,/dev/nvidia-uvm
UVM,MIGRATE_HtoD,0x7fb286846000,1765867870632433067,,,NOT_RESIDENT,/dev/nvidia-uvm
UVM,MIGRATE_HtoD,0x7fb286847000,1765867870632436363,,,NOT_RESIDENT,/dev/nvidia-uvm
UVM,GPU_PAGE_FAULT,0x7fb286800000,1765867870631985805,,,NOT_RESIDENT,/dev/nvidia-uvm
UVM,MIGRATE_HtoD,0x7fb286880000,1765867870632800298,,,NOT_RESIDENT,/dev/nvidia-uvm
UVM,MIGRATE_HtoD,0x7fb286885000,1765867870632804586,,,NOT_RESIDENT,/dev/nvidia-uvm
UVM,MIGRATE_HtoD,0x7fb286886000,1765867870632807850,,,NOT_RESIDENT,/dev/nvidia-uvm
UVM,MIGRATE_HtoD,0x7fb286892000,1765867870632813322,,,NOT_RESIDENT,/dev/nvidia-uvm
UVM,MIGRATE_HtoD,0x7fb286894000,1765867870632817066,,,NOT_RESIDENT,/dev/nvidia-uvm
UVM,MIGRATE_HtoD,0x7fb286895000,1765867870632820362,,,NOT_RESIDENT,/dev/nvidia-uvm
UVM,MIGRATE_HtoD,0x7fb28689f000,1765867870632825354,,,NOT_RESIDENT,/dev/nvidia-uvm
UVM,MIGRATE_HtoD,0x7fb2868a0000,1765867870632828650,,,NOT_RESIDENT,/dev/nvidia-uvm
UVM,MIGRATE_HtoD,0x7fb2868a3000,1765867870632832234,,,NOT_RESIDENT,/dev/nvidia-uvm
UVM,MIGRATE_HtoD,0x7fb2868a5000,1765867870632835882,,,NOT_RESIDENT,/dev/nvidia-uvm
UVM,MIGRATE_HtoD,0x7fb2868a8000,1765867870632839498,,,NOT_RESIDENT,/dev/nvidia-uvm
UVM,MIGRATE_HtoD,0x7fb2868ab000,1765867870632843338,,,NOT_RESIDENT,/dev/nvidia-uvm
UVM,MIGRATE_HtoD,0x7fb2868ac000,1765867870632846634,,,NOT_RESIDENT,/dev/nvidia-uvm
UVM,MIGRATE_HtoD,0x7fb2868ad000,1765867870632850218,,,NOT_RESIDENT,/dev/nvidia-uvm
UVM,MIGRATE_HtoD,0x7fb2868b0000,1765867870632853866,,,NOT_RESIDENT,/dev/nvidia-uvm
UVM,MIGRATE_HtoD,0x7fb2868b1000,1765867870632857162,,,NOT_RESIDENT,/dev/nvidia-uvm
UVM,MIGRATE_HtoD,0x7fb2868b2000,1765867870632860458,,,NOT_RESIDENT,/dev/nvidia-uvm
UVM,MIGRATE_HtoD,0x7fb2868b4000,1765867870632864170,,,NOT_RESIDENT,/dev/nvidia-uvm
UVM,MIGRATE_HtoD,0x7fb2868b8000,1765867870632867881,,,NOT_RESIDENT,/dev/nvidia-uvm
UVM,MIGRATE_HtoD,0x7fb2868b9000,1765867870632871530,,,NOT_RESIDENT,/dev/nvidia-uvm
UVM,MIGRATE_HtoD,0x7fb2868bd000,1765867870632875274,,,NOT_RESIDENT,/dev/nvidia-uvm
UVM,MIGRATE_HtoD,0x7fb2868be000,1765867870632878762,,,NOT_RESIDENT,/dev/nvidia-uvm
UVM,MIGRATE_HtoD,0x7fb2868c0000,1765867870632882217,,,NOT_RESIDENT,/dev/nvidia-uvm
UVM,MIGRATE_HtoD,0x7fb2868c2000,1765867870632885642,,,NOT_RESIDENT,/dev/nvidia-uvm
UVM,MIGRATE_HtoD,0x7fb2868c4000,1765867870632889353,,,NOT_RESIDENT,/dev/nvidia-uvm
UVM,MIGRATE_HtoD,0x7fb2868c6000,1765867870632892810,,,NOT_RESIDENT,/dev/nvidia-uvm
UVM,MIGRATE_HtoD,0x7fb2868ca000,1765867870632896521,,,NOT_RESIDENT,/dev/nvidia-uvm
UVM,MIGRATE_HtoD,0x7fb2868cd000,1765867870632900138,,,NOT_RESIDENT,/dev/nvidia-uvm
UVM,MIGRATE_HtoD,0x7fb2868ce000,1765867870632903434,,,NOT_RESIDENT,/dev/nvidia-uvm
UVM,MIGRATE_HtoD,0x7fb2868cf000,1765867870632906857,,,NOT_RESIDENT,/dev/nvidia-uvm
UVM,MIGRATE_HtoD,0x7fb2868d0000,1765867870632910154,,,NOT_RESIDENT,/dev/nvidia-uvm
UVM,MIGRATE_HtoD,0x7fb2868d1000,1765867870632913450,,,NOT_RESIDENT,/dev/nvidia-uvm
UVM,MIGRATE_HtoD,0x7fb2868d4000,1765867870632917417,,,NOT_RESIDENT,/dev/nvidia-uvm
UVM,MIGRATE_HtoD,0x7fb2868d6000,1765867870632920873,,,NOT_RESIDENT,/dev/nvidia-uvm
UVM,GPU_PAGE_FAULT,0x7fb286880000,1765867870632461451,,,NOT_RESIDENT,/dev/nvidia-uvm
UVM,MIGRATE_HtoD,0x7fb286900000,1765867870633416456,,,NOT_RESIDENT,/dev/nvidia-uvm
UVM,MIGRATE_HtoD,0x7fb286904000,1765867870633420584,,,NOT_RESIDENT,/dev/nvidia-uvm
UVM,MIGRATE_HtoD,0x7fb286905000,1765867870633423848,,,NOT_RESIDENT,/dev/nvidia-uvm
UVM,MIGRATE_HtoD,0x7fb286908000,1765867870633427848,,,NOT_RESIDENT,/dev/nvidia-uvm
UVM,MIGRATE_HtoD,0x7fb286909000,1765867870633431176,,,NOT_RESIDENT,/dev/nvidia-uvm
UVM,MIGRATE_HtoD,0x7fb28690c000,1765867870633434760,,,NOT_RESIDENT,/dev/nvidia-uvm
UVM,MIGRATE_HtoD,0x7fb28690d000,1765867870633438024,,,NOT_RESIDENT,/dev/nvidia-uvm
UVM,MIGRATE_HtoD,0x7fb28690e000,1765867870633441320,,,NOT_RESIDENT,/dev/nvidia-uvm
UVM,MIGRATE_HtoD,0x7fb286910000,1765867870633445096,,,NOT_RESIDENT,/dev/nvidia-uvm
UVM,MIGRATE_HtoD,0x7fb286913000,1765867870633448968,,,NOT_RESIDENT,/dev/nvidia-uvm
UVM,MIGRATE_HtoD,0x7fb286914000,1765867870633452264,,,NOT_RESIDENT,/dev/nvidia-uvm
UVM,MIGRATE_HtoD,0x7fb286917000,1765867870633456200,,,NOT_RESIDENT,/dev/nvidia-uvm
UVM,MIGRATE_HtoD,0x7fb286918000,1765867870633459496,,,NOT_RESIDENT,/dev/nvidia-uvm
UVM,MIGRATE_HtoD,0x7fb286919000,1765867870633463176,,,NOT_RESIDENT,/dev/nvidia-uvm
UVM,MIGRATE_HtoD,0x7fb28691b000,1765867870633466632,,,NOT_RESIDENT,/dev/nvidia-uvm
UVM,MIGRATE_HtoD,0x7fb28691c000,1765867870633469896,,,NOT_RESIDENT,/dev/nvidia-uvm
UVM,MIGRATE_HtoD,0x7fb28691d000,1765867870633473192,,,NOT_RESIDENT,/dev/nvidia-uvm
UVM,MIGRATE_HtoD,0x7fb28691e000,1765867870633476488,,,NOT_RESIDENT,/dev/nvidia-uvm
UVM,MIGRATE_HtoD,0x7fb286920000,1765867870633480200,,,NOT_RESIDENT,/dev/nvidia-uvm
UVM,MIGRATE_HtoD,0x7fb286921000,1765867870633483848,,,NOT_RESIDENT,/dev/nvidia-uvm
UVM,MIGRATE_HtoD,0x7fb286922000,1765867870633487111,,,NOT_RESIDENT,/dev/nvidia-uvm
UVM,MIGRATE_HtoD,0x7fb286926000,1765867870633491144,,,NOT_RESIDENT,/dev/nvidia-uvm
UVM,MIGRATE_HtoD,0x7fb286927000,1765867870633494408,,,NOT_RESIDENT,/dev/nvidia-uvm
UVM,MIGRATE_HtoD,0x7fb286929000,1765867870633498184,,,NOT_RESIDENT,/dev/nvidia-uvm
UVM,MIGRATE_HtoD,0x7fb28692a000,1765867870633501480,,,NOT_RESIDENT,/dev/nvidia-uvm
UVM,MIGRATE_HtoD,0x7fb28692c000,1765867870633504935,,,NOT_RESIDENT,/dev/nvidia-uvm
UVM,MIGRATE_HtoD,0x7fb28692f000,1765867870633508520,,,NOT_RESIDENT,/dev/nvidia-uvm
UVM,MIGRATE_HtoD,0x7fb286930000,1765867870633511815,,,NOT_RESIDENT,/dev/nvidia-uvm
UVM,MIGRATE_HtoD,0x7fb286931000,1765867870633515111,,,NOT_RESIDENT,/dev/nvidia-uvm
UVM,MIGRATE_HtoD,0x7fb286933000,1765867870633518888,,,NOT_RESIDENT,/dev/nvidia-uvm
UVM,MIGRATE_HtoD,0x7fb286934000,1765867870633522184,,,NOT_RESIDENT,/dev/nvidia-uvm
UVM,MIGRATE_HtoD,0x7fb286935000,1765867870633525831,,,NOT_RESIDENT,/dev/nvidia-uvm
UVM,MIGRATE_HtoD,0x7fb286936000,1765867870633529127,,,NOT_RESIDENT,/dev/nvidia-uvm
UVM,MIGRATE_HtoD,0x7fb28693a000,1765867870633533255,,,NOT_RESIDENT,/dev/nvidia-uvm
UVM,MIGRATE_HtoD,0x7fb28693d000,1765867870633536871,,,NOT_RESIDENT,/dev/nvidia-uvm
UVM,MIGRATE_HtoD,0x7fb28693f000,1765867870633540583,,,NOT_RESIDENT,/dev/nvidia-uvm
UVM,MIGRATE_HtoD,0x7fb286947000,1765867870633545223,,,NOT_RESIDENT,/dev/nvidia-uvm
UVM,MIGRATE_HtoD,0x7fb286948000,1765867870633548519,,,NOT_RESIDENT,/dev/nvidia-uvm
UVM,MIGRATE_HtoD,0x7fb28694a000,1765867870633552263,,,NOT_RESIDENT,/dev/nvidia-uvm
UVM,MIGRATE_HtoD,0x7fb28694b000,1765867870633555559,,,NOT_RESIDENT,/dev/nvidia-uvm
UVM,MIGRATE_HtoD,0x7fb28694e000,1765867870633559175,,,NOT_RESIDENT,/dev/nvidia-uvm
UVM,MIGRATE_HtoD,0x7fb286951000,1765867870633562759,,,NOT_RESIDENT,/dev/nvidia-uvm
UVM,GPU_PAGE_FAULT,0x7fb286900000,1765867870633048745,,,NOT_RESIDENT,/dev/nvidia-uvm
UVM,MIGRATE_HtoD,0x7fb286a00000,1765867870634089894,,,NOT_RESIDENT,/dev/nvidia-uvm
UVM,MIGRATE_HtoD,0x7fb286a10000,1765867870634095878,,,NOT_RESIDENT,/dev/nvidia-uvm
UVM,MIGRATE_HtoD,0x7fb286a11000,1765867870634099142,,,NOT_RESIDENT,/dev/nvidia-uvm
UVM,MIGRATE_HtoD,0x7fb286a14000,1765867870634103013,,,NOT_RESIDENT,/dev/nvidia-uvm
UVM,MIGRATE_HtoD,0x7fb286a15000,1765867870634106310,,,NOT_RESIDENT,/dev/nvidia-uvm
UVM,MIGRATE_HtoD,0x7fb286a19000,1765867870634110406,,,NOT_RESIDENT,/dev/nvidia-uvm
UVM,MIGRATE_HtoD,0x7fb286a1a000,1765867870634113701,,,NOT_RESIDENT,/dev/nvidia-uvm
UVM,MIGRATE_HtoD,0x7fb286a1b000,1765867870634116997,,,NOT_RESIDENT,/dev/nvidia-uvm
UVM,MIGRATE_HtoD,0x7fb286a1c000,1765867870634120197,,,NOT_RESIDENT,/dev/nvidia-uvm
UVM,MIGRATE_HtoD,0x7fb286a27000,1765867870634125062,,,NOT_RESIDENT,/dev/nvidia-uvm
UVM,MIGRATE_HtoD,0x7fb286a29000,1765867870634128485,,,NOT_RESIDENT,/dev/nvidia-uvm
UVM,MIGRATE_HtoD,0x7fb286a2c000,1765867870634132101,,,NOT_RESIDENT,/dev/nvidia-uvm
UVM,MIGRATE_HtoD,0x7fb286a2d000,1765867870634135429,,,NOT_RESIDENT,/dev/nvidia-uvm
UVM,MIGRATE_HtoD,0x7fb286a2e000,1765867870634139109,,,NOT_RESIDENT,/dev/nvidia-uvm
UVM,MIGRATE_HtoD,0x7fb286a30000,1765867870634142566,,,NOT_RESIDENT,/dev/nvidia-uvm
UVM,MIGRATE_HtoD,0x7fb286a33000,1765867870634146149,,,NOT_RESIDENT,/dev/nvidia-uvm
UVM,MIGRATE_HtoD,0x7fb286a35000,1765867870634149829,,,NOT_RESIDENT,/dev/nvidia-uvm
UVM,MIGRATE_HtoD,0x7fb286a36000,1765867870634153093,,,NOT_RESIDENT,/dev/nvidia-uvm
UVM,MIGRATE_HtoD,0x7fb286a38000,1765867870634156870,,,NOT_RESIDENT,/dev/nvidia-uvm
UVM,MIGRATE_HtoD,0x7fb286a3d000,1765867870634160773,,,NOT_RESIDENT,/dev/nvidia-uvm
UVM,MIGRATE_HtoD,0x7fb286a44000,1765867870634165317,,,NOT_RESIDENT,/dev/nvidia-uvm
UVM,MIGRATE_HtoD,0x7fb286a45000,1765867870634168773,,,NOT_RESIDENT,/dev/nvidia-uvm
UVM,MIGRATE_HtoD,0x7fb286a48000,1765867870634172357,,,NOT_RESIDENT,/dev/nvidia-uvm
UVM,MIGRATE_HtoD,0x7fb286a49000,1765867870634175653,,,NOT_RESIDENT,/dev/nvidia-uvm
UVM,GPU_PAGE_FAULT,0x7fb286a00000,1765867870633724359,,,NOT_RESIDENT,/dev/nvidia-uvm
UVM,MIGRATE_HtoD,0x7fb286a80000,1765867870634536004,,,NOT_RESIDENT,/dev/nvidia-uvm
UVM,MIGRATE_HtoD,0x7fb286a84000,1765867870634539748,,,NOT_RESIDENT,/dev/nvidia-uvm
UVM,MIGRATE_HtoD,0x7fb286a85000,1765867870634543172,,,NOT_RESIDENT,/dev/nvidia-uvm
UVM,MIGRATE_HtoD,0x7fb286a91000,1765867870634548260,,,NOT_RESIDENT,/dev/nvidia-uvm
UVM,MIGRATE_HtoD,0x7fb286a93000,1765867870634551684,,,NOT_RESIDENT,/dev/nvidia-uvm
UVM,MIGRATE_HtoD,0x7fb286a98000,1765867870634555972,,,NOT_RESIDENT,/dev/nvidia-uvm
UVM,MIGRATE_HtoD,0x7fb286a9b000,1765867870634559588,,,NOT_RESIDENT,/dev/nvidia-uvm
UVM,MIGRATE_HtoD,0x7fb286a9e000,1765867870634563524,,,NOT_RESIDENT,/dev/nvidia-uvm
UVM,MIGRATE_HtoD,0x7fb286a9f000,1765867870634566788,,,NOT_RESIDENT,/dev/nvidia-uvm
UVM,MIGRATE_HtoD,0x7fb286aa2000,1765867870634570756,,,NOT_RESIDENT,/dev/nvidia-uvm
UVM,MIGRATE_HtoD,0x7fb286aa5000,1765867870634574692,,,NOT_RESIDENT,/dev/nvidia-uvm
UVM,MIGRATE_HtoD,0x7fb286aa6000,1765867870634577988,,,NOT_RESIDENT,/dev/nvidia-uvm
UVM,MIGRATE_HtoD,0x7fb286aa7000,1765867870634581252,,,NOT_RESIDENT,/dev/nvidia-uvm
UVM,MIGRATE_HtoD,0x7fb286aac000,1765867870634585156,,,NOT_RESIDENT,/dev/nvidia-uvm
UVM,MIGRATE_HtoD,0x7fb286ab4000,1765867870634589540,,,NOT_RESIDENT,/dev/nvidia-uvm
UVM,MIGRATE_HtoD,0x7fb286ab5000,1765867870634592836,,,NOT_RESIDENT,/dev/nvidia-uvm
UVM,MIGRATE_HtoD,0x7fb286ab6000,1765867870634596100,,,NOT_RESIDENT,/dev/nvidia-uvm
UVM,MIGRATE_HtoD,0x7fb286ab7000,1765867870634599396,,,NOT_RESIDENT,/dev/nvidia-uvm
UVM,MIGRATE_HtoD,0x7fb286ab8000,1765867870634602852,,,NOT_RESIDENT,/dev/nvidia-uvm
UVM,MIGRATE_HtoD,0x7fb286ab9000,1765867870634606148,,,NOT_RESIDENT,/dev/nvidia-uvm
UVM,MIGRATE_HtoD,0x7fb286aba000,1765867870634609828,,,NOT_RESIDENT,/dev/nvidia-uvm
UVM,MIGRATE_HtoD,0x7fb286abb000,1765867870634613092,,,NOT_RESIDENT,/dev/nvidia-uvm
UVM,MIGRATE_HtoD,0x7fb286abc000,1765867870634616388,,,NOT_RESIDENT,/dev/nvidia-uvm
UVM,MIGRATE_HtoD,0x7fb286abd000,1765867870634619652,,,NOT_RESIDENT,/dev/nvidia-uvm
UVM,MIGRATE_HtoD,0x7fb286abe000,1765867870634622980,,,NOT_RESIDENT,/dev/nvidia-uvm
UVM,MIGRATE_HtoD,0x7fb286abf000,1765867870634626660,,,NOT_RESIDENT,/dev/nvidia-uvm
UVM,MIGRATE_HtoD,0x7fb286aca000,1765867870634631780,,,NOT_RESIDENT,/dev/nvidia-uvm
UVM,MIGRATE_HtoD,0x7fb286acc000,1765867870634635236,,,NOT_RESIDENT,/dev/nvidia-uvm
UVM,MIGRATE_HtoD,0x7fb286acd000,1765867870634638500,,,NOT_RESIDENT,/dev/nvidia-uvm
UVM,MIGRATE_HtoD,0x7fb286ace000,1765867870634641796,,,NOT_RESIDENT,/dev/nvidia-uvm
UVM,MIGRATE_HtoD,0x7fb286ad2000,1765867870634645892,,,NOT_RESIDENT,/dev/nvidia-uvm
UVM,MIGRATE_HtoD,0x7fb286ad3000,1765867870634649380,,,NOT_RESIDENT,/dev/nvidia-uvm
UVM,MIGRATE_HtoD,0x7fb286ad4000,1765867870634652644,,,NOT_RESIDENT,/dev/nvidia-uvm
UVM,MIGRATE_HtoD,0x7fb286ad5000,1765867870634656292,,,NOT_RESIDENT,/dev/nvidia-uvm
UVM,GPU_PAGE_FAULT,0x7fb286a80000,1765867870634200453,,,NOT_RESIDENT,/dev/nvidia-uvm
UVM,MIGRATE_HtoD,0x7fb286b00000,1765867870635146274,,,NOT_RESIDENT,/dev/nvidia-uvm
UVM,MIGRATE_HtoD,0x7fb286b04000,1765867870635150050,,,NOT_RESIDENT,/dev/nvidia-uvm
UVM,MIGRATE_HtoD,0x7fb286b11000,1765867870635155266,,,NOT_RESIDENT,/dev/nvidia-uvm
UVM,MIGRATE_HtoD,0x7fb286b13000,1765867870635158722,,,NOT_RESIDENT,/dev/nvidia-uvm
UVM,MIGRATE_HtoD,0x7fb286b16000,1765867870635162306,,,NOT_RESIDENT,/dev/nvidia-uvm
UVM,MIGRATE_HtoD,0x7fb286b19000,1765867870635165922,,,NOT_RESIDENT,/dev/nvidia-uvm
UVM,MIGRATE_HtoD,0x7fb286b1b000,1765867870635169378,,,NOT_RESIDENT,/dev/nvidia-uvm
UVM,MIGRATE_HtoD,0x7fb286b1e000,1765867870635173218,,,NOT_RESIDENT,/dev/nvidia-uvm
UVM,MIGRATE_HtoD,0x7fb286b1f000,1765867870635176514,,,NOT_RESIDENT,/dev/nvidia-uvm
UVM,MIGRATE_HtoD,0x7fb286b23000,1765867870635180674,,,NOT_RESIDENT,/dev/nvidia-uvm
UVM,MIGRATE_HtoD,0x7fb286b24000,1765867870635184258,,,NOT_RESIDENT,/dev/nvidia-uvm
UVM,MIGRATE_HtoD,0x7fb286b30000,1765867870635189282,,,NOT_RESIDENT,/dev/nvidia-uvm
UVM,MIGRATE_HtoD,0x7fb286b35000,1765867870635193186,,,NOT_RESIDENT,/dev/nvidia-uvm
UVM,MIGRATE_HtoD,0x7fb286b36000,1765867870635196450,,,NOT_RESIDENT,/dev/nvidia-uvm
UVM,MIGRATE_HtoD,0x7fb286b3e000,1765867870635200834,,,NOT_RESIDENT,/dev/nvidia-uvm
UVM,MIGRATE_HtoD,0x7fb286b3f000,1765867870635204130,,,NOT_RESIDENT,/dev/nvidia-uvm
UVM,MIGRATE_HtoD,0x7fb286b40000,1765867870635207394,,,NOT_RESIDENT,/dev/nvidia-uvm
UVM,MIGRATE_HtoD,0x7fb286b51000,1765867870635213346,,,NOT_RESIDENT,/dev/nvidia-uvm
UVM,MIGRATE_HtoD,0x7fb286b52000,1765867870635216642,,,NOT_RESIDENT,/dev/nvidia-uvm
UVM,GPU_PAGE_FAULT,0x7fb286b04000,1765867870634790019,,,NOT_RESIDENT,/dev/nvidia-uvm
UVM,MIGRATE_HtoD,0x7fb286c00000,1765867870635833504,,,NOT_RESIDENT,/dev/nvidia-uvm
UVM,MIGRATE_HtoD,0x7fb286c0f000,1765867870635839456,,,NOT_RESIDENT,/dev/nvidia-uvm
UVM,MIGRATE_HtoD,0x7fb286c10000,1765867870635842752,,,NOT_RESIDENT,/dev/nvidia-uvm
UVM,MIGRATE_HtoD,0x7fb286c15000,1765867870635846624,,,NOT_RESIDENT,/dev/nvidia-uvm
UVM,MIGRATE_HtoD,0x7fb286c16000,1765867870635850112,,,NOT_RESIDENT,/dev/nvidia-uvm
UVM,MIGRATE_HtoD,0x7fb286c19000,1765867870635853728,,,NOT_RESIDENT,/dev/nvidia-uvm
UVM,MIGRATE_HtoD,0x7fb286c1a000,1765867870635857408,,,NOT_RESIDENT,/dev/nvidia-uvm
UVM,MIGRATE_HtoD,0x7fb286c1f000,1765867870635861312,,,NOT_RESIDENT,/dev/nvidia-uvm
UVM,MIGRATE_HtoD,0x7fb286c20000,1765867870635865120,,,NOT_RESIDENT,/dev/nvidia-uvm
UVM,MIGRATE_HtoD,0x7fb286c21000,1765867870635868416,,,NOT_RESIDENT,/dev/nvidia-uvm
UVM,MIGRATE_HtoD,0x7fb286c22000,1765867870635871680,,,NOT_RESIDENT,/dev/nvidia-uvm
UVM,MIGRATE_HtoD,0x7fb286c26000,1765867870635875456,,,NOT_RESIDENT,/dev/nvidia-uvm
UVM,MIGRATE_HtoD,0x7fb286c27000,1765867870635878880,,,NOT_RESIDENT,/dev/nvidia-uvm
UVM,MIGRATE_HtoD,0x7fb286c28000,1765867870635882176,,,NOT_RESIDENT,/dev/nvidia-uvm
UVM,MIGRATE_HtoD,0x7fb286c2a000,1765867870635885984,,,NOT_RESIDENT,/dev/nvidia-uvm
UVM,MIGRATE_HtoD,0x7fb286c2d000,1765867870635889568,,,NOT_RESIDENT,/dev/nvidia-uvm
UVM,MIGRATE_HtoD,0x7fb286c2f000,1765867870635893376,,,NOT_RESIDENT,/dev/nvidia-uvm
UVM,MIGRATE_HtoD,0x7fb286c30000,1765867870635896640,,,NOT_RESIDENT,/dev/nvidia-uvm
UVM,MIGRATE_HtoD,0x7fb286c31000,1765867870635899936,,,NOT_RESIDENT,/dev/nvidia-uvm
UVM,MIGRATE_HtoD,0x7fb286c32000,1765867870635903200,,,NOT_RESIDENT,/dev/nvidia-uvm
UVM,MIGRATE_HtoD,0x7fb286c34000,1765867870635906624,,,NOT_RESIDENT,/dev/nvidia-uvm
UVM,MIGRATE_HtoD,0x7fb286c36000,1765867870635910048,,,NOT_RESIDENT,/dev/nvidia-uvm
UVM,MIGRATE_HtoD,0x7fb286c37000,1765867870635913696,,,NOT_RESIDENT,/dev/nvidia-uvm
UVM,MIGRATE_HtoD,0x7fb286c3a000,1765867870635917279,,,NOT_RESIDENT,/dev/nvidia-uvm
UVM,MIGRATE_HtoD,0x7fb286c3d000,1765867870635921280,,,NOT_RESIDENT,/dev/nvidia-uvm
UVM,MIGRATE_HtoD,0x7fb286c3e000,1765867870635924575,,,NOT_RESIDENT,/dev/nvidia-uvm
UVM,MIGRATE_HtoD,0x7fb286c4a000,1765867870635929952,,,NOT_RESIDENT,/dev/nvidia-uvm
UVM,MIGRATE_HtoD,0x7fb286c4b000,1765867870635933440,,,NOT_RESIDENT,/dev/nvidia-uvm
UVM,MIGRATE_HtoD,0x7fb286c4f000,1765867870635937216,,,NOT_RESIDENT,/dev/nvidia-uvm
UVM,MIGRATE_HtoD,0x7fb286c50000,1765867870635940704,,,NOT_RESIDENT,/dev/nvidia-uvm
UVM,GPU_PAGE_FAULT,0x7fb286c00000,1765867870635425985,,,NOT_RESIDENT,/dev/nvidia-uvm
UVM,MIGRATE_HtoD,0x7fb286c80000,1765867870636331134,,,NOT_RESIDENT,/dev/nvidia-uvm
UVM,MIGRATE_HtoD,0x7fb286c81000,1765867870636334398,,,NOT_RESIDENT,/dev/nvidia-uvm
UVM,MIGRATE_HtoD,0x7fb286c85000,1765867870636338494,,,NOT_RESIDENT,/dev/nvidia-uvm
UVM,MIGRATE_HtoD,0x7fb286c86000,1765867870636341790,,,NOT_RESIDENT,/dev/nvidia-uvm
UVM,MIGRATE_HtoD,0x7fb286c8e000,1765867870636346526,,,NOT_RESIDENT,/dev/nvidia-uvm
UVM,MIGRATE_HtoD,0x7fb286c8f000,1765867870636349822,,,NOT_RESIDENT,/dev/nvidia-uvm
UVM,MIGRATE_HtoD,0x7fb286c93000,1765867870636354046,,,NOT_RESIDENT,/dev/nvidia-uvm
UVM,MIGRATE_HtoD,0x7fb286c94000,1765867870636357694,,,NOT_RESIDENT,/dev/nvidia-uvm
UVM,MIGRATE_HtoD,0x7fb286ca0000,1765867870636362686,,,NOT_RESIDENT,/dev/nvidia-uvm
UVM,MIGRATE_HtoD,0x7fb286ca1000,1765867870636366366,,,NOT_RESIDENT,/dev/nvidia-uvm
UVM,MIGRATE_HtoD,0x7fb286ca2000,1765867870636369950,,,NOT_RESIDENT,/dev/nvidia-uvm
UVM,MIGRATE_HtoD,0x7fb286ca3000,1765867870636373214,,,NOT_RESIDENT,/dev/nvidia-uvm
UVM,MIGRATE_HtoD,0x7fb286ca4000,1765867870636376926,,,NOT_RESIDENT,/dev/nvidia-uvm
UVM,MIGRATE_HtoD,0x7fb286ca6000,1765867870636380382,,,NOT_RESIDENT,/dev/nvidia-uvm
UVM,MIGRATE_HtoD,0x7fb286ca9000,1765867870636384318,,,NOT_RESIDENT,/dev/nvidia-uvm
UVM,MIGRATE_HtoD,0x7fb286cab000,1765867870636387774,,,NOT_RESIDENT,/dev/nvidia-uvm
UVM,MIGRATE_HtoD,0x7fb286cac000,1765867870636391070,,,NOT_RESIDENT,/dev/nvidia-uvm
UVM,MIGRATE_HtoD,0x7fb286caf000,1765867870636394654,,,NOT_RESIDENT,/dev/nvidia-uvm
UVM,MIGRATE_HtoD,0x7fb286cb2000,1765867870636398238,,,NOT_RESIDENT,/dev/nvidia-uvm
UVM,MIGRATE_HtoD,0x7fb286cb9000,1765867870636402462,,,NOT_RESIDENT,/dev/nvidia-uvm
UVM,MIGRATE_HtoD,0x7fb286cba000,1765867870636405758,,,NOT_RESIDENT,/dev/nvidia-uvm
UVM,MIGRATE_HtoD,0x7fb286cbf000,1765867870636409662,,,NOT_RESIDENT,/dev/nvidia-uvm
UVM,MIGRATE_HtoD,0x7fb286cc1000,1765867870636413374,,,NOT_RESIDENT,/dev/nvidia-uvm
UVM,MIGRATE_HtoD,0x7fb286cc5000,1765867870636417406,,,NOT_RESIDENT,/dev/nvidia-uvm
UVM,MIGRATE_HtoD,0x7fb286cc6000,1765867870636420990,,,NOT_RESIDENT,/dev/nvidia-uvm
UVM,MIGRATE_HtoD,0x7fb286cc8000,1765867870636424702,,,NOT_RESIDENT,/dev/nvidia-uvm
UVM,MIGRATE_HtoD,0x7fb286cca000,1765867870636428158,,,NOT_RESIDENT,/dev/nvidia-uvm
UVM,MIGRATE_HtoD,0x7fb286ccc000,1765867870636431966,,,NOT_RESIDENT,/dev/nvidia-uvm
UVM,MIGRATE_HtoD,0x7fb286ccd000,1765867870636435230,,,NOT_RESIDENT,/dev/nvidia-uvm
UVM,MIGRATE_HtoD,0x7fb286cd0000,1765867870636439166,,,NOT_RESIDENT,/dev/nvidia-uvm
UVM,MIGRATE_HtoD,0x7fb286cd2000,1765867870636443006,,,NOT_RESIDENT,/dev/nvidia-uvm
UVM,MIGRATE_HtoD,0x7fb286cd3000,1765867870636446270,,,NOT_RESIDENT,/dev/nvidia-uvm
UVM,MIGRATE_HtoD,0x7fb286cd4000,1765867870636449566,,,NOT_RESIDENT,/dev/nvidia-uvm
UVM,MIGRATE_HtoD,0x7fb286cd5000,1765867870636452894,,,NOT_RESIDENT,/dev/nvidia-uvm
UVM,MIGRATE_HtoD,0x7fb286cd7000,1765867870636456318,,,NOT_RESIDENT,/dev/nvidia-uvm
UVM,GPU_PAGE_FAULT,0x7fb286c81000,1765867870635964031,,,NOT_RESIDENT,/dev/nvidia-uvm
UVM,MIGRATE_HtoD,0x7fb286d00000,1765867870636928444,,,NOT_RESIDENT,/dev/nvidia-uvm
UVM,MIGRATE_HtoD,0x7fb286d04000,1765867870636932412,,,NOT_RESIDENT,/dev/nvidia-uvm
UVM,MIGRATE_HtoD,0x7fb286d05000,1765867870636935804,,,NOT_RESIDENT,/dev/nvidia-uvm
UVM,MIGRATE_HtoD,0x7fb286d10000,1765867870636940956,,,NOT_RESIDENT,/dev/nvidia-uvm
UVM,MIGRATE_HtoD,0x7fb286d13000,1765867870636944540,,,NOT_RESIDENT,/dev/nvidia-uvm
UVM,MIGRATE_HtoD,0x7fb286d1a000,1765867870636948764,,,NOT_RESIDENT,/dev/nvidia-uvm
UVM,MIGRATE_HtoD,0x7fb286d1c000,1765867870636952188,,,NOT_RESIDENT,/dev/nvidia-uvm
UVM,MIGRATE_HtoD,0x7fb286d25000,1765867870636956732,,,NOT_RESIDENT,/dev/nvidia-uvm
UVM,MIGRATE_HtoD,0x7fb286d26000,1765867870636959996,,,NOT_RESIDENT,/dev/nvidia-uvm
UVM,MIGRATE_HtoD,0x7fb286d27000,1765867870636963292,,,NOT_RESIDENT,/dev/nvidia-uvm
UVM,MIGRATE_HtoD,0x7fb286d2b000,1765867870636967036,,,NOT_RESIDENT,/dev/nvidia-uvm
UVM,MIGRATE_HtoD,0x7fb286d2d000,1765867870636970748,,,NOT_RESIDENT,/dev/nvidia-uvm
UVM,MIGRATE_HtoD,0x7fb286d2e000,1765867870636974012,,,NOT_RESIDENT,/dev/nvidia-uvm
UVM,MIGRATE_HtoD,0x7fb286d30000,1765867870636977628,,,NOT_RESIDENT,/dev/nvidia-uvm
UVM,MIGRATE_HtoD,0x7fb286d4c000,1765867870636985628,,,NOT_RESIDENT,/dev/nvidia-uvm
UVM,MIGRATE_HtoD,0x7fb286d4d000,1765867870636988924,,,NOT_RESIDENT,/dev/nvidia-uvm
UVM,GPU_PAGE_FAULT,0x7fb286d00000,1765867870636562717,,,NOT_RESIDENT,/dev/nvidia-uvm
UVM,MIGRATE_HtoD,0x7fb286e00000,1765867870637653818,,,NOT_RESIDENT,/dev/nvidia-uvm
UVM,MIGRATE_HtoD,0x7fb286e0a000,1765867870637658810,,,NOT_RESIDENT,/dev/nvidia-uvm
UVM,MIGRATE_HtoD,0x7fb286e0b000,1765867870637662106,,,NOT_RESIDENT,/dev/nvidia-uvm
UVM,MIGRATE_HtoD,0x7fb286e0e000,1765867870637665754,,,NOT_RESIDENT,/dev/nvidia-uvm
UVM,MIGRATE_HtoD,0x7fb286e0f000,1765867870637669050,,,NOT_RESIDENT,/dev/nvidia-uvm
UVM,MIGRATE_HtoD,0x7fb286e16000,1765867870637673594,,,NOT_RESIDENT,/dev/nvidia-uvm
UVM,MIGRATE_HtoD,0x7fb286e17000,1765867870637676858,,,NOT_RESIDENT,/dev/nvidia-uvm
UVM,MIGRATE_HtoD,0x7fb286e1a000,1765867870637680474,,,NOT_RESIDENT,/dev/nvidia-uvm
UVM,MIGRATE_HtoD,0x7fb286e1b000,1765867870637684026,,,NOT_RESIDENT,/dev/nvidia-uvm
UVM,MIGRATE_HtoD,0x7fb286e1c000,1765867870637687290,,,NOT_RESIDENT,/dev/nvidia-uvm
UVM,MIGRATE_HtoD,0x7fb286e1d000,1765867870637690682,,,NOT_RESIDENT,/dev/nvidia-uvm
UVM,MIGRATE_HtoD,0x7fb286e29000,1765867870637695930,,,NOT_RESIDENT,/dev/nvidia-uvm
UVM,MIGRATE_HtoD,0x7fb286e2a000,1765867870637699226,,,NOT_RESIDENT,/dev/nvidia-uvm
UVM,MIGRATE_HtoD,0x7fb286e2d000,1765867870637703130,,,NOT_RESIDENT,/dev/nvidia-uvm
UVM,MIGRATE_HtoD,0x7fb286e2f000,1765867870637706586,,,NOT_RESIDENT,/dev/nvidia-uvm
UVM,MIGRATE_HtoD,0x7fb286e30000,1765867870637710266,,,NOT_RESIDENT,/dev/nvidia-uvm
UVM,MIGRATE_HtoD,0x7fb286e31000,1765867870637713818,,,NOT_RESIDENT,/dev/nvidia-uvm
UVM,MIGRATE_HtoD,0x7fb286e32000,1765867870637717114,,,NOT_RESIDENT,/dev/nvidia-uvm
UVM,MIGRATE_HtoD,0x7fb286e36000,1765867870637720890,,,NOT_RESIDENT,/dev/nvidia-uvm
UVM,MIGRATE_HtoD,0x7fb286e38000,1765867870637724345,,,NOT_RESIDENT,/dev/nvidia-uvm
UVM,MIGRATE_HtoD,0x7fb286e3a000,1765867870637727802,,,NOT_RESIDENT,/dev/nvidia-uvm
UVM,MIGRATE_HtoD,0x7fb286e3b000,1765867870637731450,,,NOT_RESIDENT,/dev/nvidia-uvm
UVM,MIGRATE_HtoD,0x7fb286e3f000,1765867870637735226,,,NOT_RESIDENT,/dev/nvidia-uvm
UVM,MIGRATE_HtoD,0x7fb286e40000,1765867870637738618,,,NOT_RESIDENT,/dev/nvidia-uvm
UVM,MIGRATE_HtoD,0x7fb286e41000,1765867870637742266,,,NOT_RESIDENT,/dev/nvidia-uvm
UVM,MIGRATE_HtoD,0x7fb286e45000,1765867870637745977,,,NOT_RESIDENT,/dev/nvidia-uvm
UVM,MIGRATE_HtoD,0x7fb286e47000,1765867870637749754,,,NOT_RESIDENT,/dev/nvidia-uvm
UVM,MIGRATE_HtoD,0x7fb286e48000,1765867870637753050,,,NOT_RESIDENT,/dev/nvidia-uvm
UVM,GPU_PAGE_FAULT,0x7fb286e00000,1765867870637194587,,,NOT_RESIDENT,/dev/nvidia-uvm
UVM,MIGRATE_HtoD,0x7fb286e80000,1765867870638130264,,,NOT_RESIDENT,/dev/nvidia-uvm
UVM,MIGRATE_HtoD,0x7fb286e8b000,1765867870638135128,,,NOT_RESIDENT,/dev/nvidia-uvm
UVM,MIGRATE_HtoD,0x7fb286e8c000,1765867870638138424,,,NOT_RESIDENT,/dev/nvidia-uvm
UVM,MIGRATE_HtoD,0x7fb286e91000,1765867870638142328,,,NOT_RESIDENT,/dev/nvidia-uvm
UVM,MIGRATE_HtoD,0x7fb286e92000,1765867870638145624,,,NOT_RESIDENT,/dev/nvidia-uvm
UVM,MIGRATE_HtoD,0x7fb286e99000,1765867870638149816,,,NOT_RESIDENT,/dev/nvidia-uvm
UVM,MIGRATE_HtoD,0x7fb286e9b000,1765867870638153272,,,NOT_RESIDENT,/dev/nvidia-uvm
UVM,MIGRATE_HtoD,0x7fb286ea2000,1765867870638157496,,,NOT_RESIDENT,/dev/nvidia-uvm
UVM,MIGRATE_HtoD,0x7fb286ea3000,1765867870638160792,,,NOT_RESIDENT,/dev/nvidia-uvm
UVM,MIGRATE_HtoD,0x7fb286ea7000,1765867870638164824,,,NOT_RESIDENT,/dev/nvidia-uvm
UVM,MIGRATE_HtoD,0x7fb286ea9000,1765867870638168440,,,NOT_RESIDENT,/dev/nvidia-uvm
UVM,MIGRATE_HtoD,0x7fb286eaa000,1765867870638171896,,,NOT_RESIDENT,/dev/nvidia-uvm
UVM,MIGRATE_HtoD,0x7fb286eab000,1765867870638175192,,,NOT_RESIDENT,/dev/nvidia-uvm
UVM,MIGRATE_HtoD,0x7fb286eb1000,1765867870638179576,,,NOT_RESIDENT,/dev/nvidia-uvm
UVM,MIGRATE_HtoD,0x7fb286eb2000,1765867870638183096,,,NOT_RESIDENT,/dev/nvidia-uvm
UVM,MIGRATE_HtoD,0x7fb286eb3000,1765867870638186392,,,NOT_RESIDENT,/dev/nvidia-uvm
UVM,MIGRATE_HtoD,0x7fb286eb8000,1765867870638190616,,,NOT_RESIDENT,/dev/nvidia-uvm
UVM,MIGRATE_HtoD,0x7fb286ebc000,1765867870638194360,,,NOT_RESIDENT,/dev/nvidia-uvm
UVM,MIGRATE_HtoD,0x7fb286ebf000,1765867870638198296,,,NOT_RESIDENT,/dev/nvidia-uvm
UVM,MIGRATE_HtoD,0x7fb286ec1000,1765867870638201880,,,NOT_RESIDENT,/dev/nvidia-uvm
UVM,MIGRATE_HtoD,0x7fb286ec2000,1765867870638205176,,,NOT_RESIDENT,/dev/nvidia-uvm
UVM,MIGRATE_HtoD,0x7fb286ec3000,1765867870638208440,,,NOT_RESIDENT,/dev/nvidia-uvm
UVM,MIGRATE_HtoD,0x7fb286ec6000,1765867870638212056,,,NOT_RESIDENT,/dev/nvidia-uvm
UVM,MIGRATE_HtoD,0x7fb286ec7000,1765867870638215352,,,NOT_RESIDENT,/dev/nvidia-uvm
UVM,MIGRATE_HtoD,0x7fb286ece000,1765867870638219896,,,NOT_RESIDENT,/dev/nvidia-uvm
UVM,MIGRATE_HtoD,0x7fb286ecf000,1765867870638223160,,,NOT_RESIDENT,/dev/nvidia-uvm
UVM,MIGRATE_HtoD,0x7fb286ed0000,1765867870638226744,,,NOT_RESIDENT,/dev/nvidia-uvm
UVM,MIGRATE_HtoD,0x7fb286ed4000,1765867870638230776,,,NOT_RESIDENT,/dev/nvidia-uvm
UVM,MIGRATE_HtoD,0x7fb286ed6000,1765867870638234232,,,NOT_RESIDENT,/dev/nvidia-uvm
UVM,MIGRATE_HtoD,0x7fb286ed7000,1765867870638237688,,,NOT_RESIDENT,/dev/nvidia-uvm
UVM,GPU_PAGE_FAULT,0x7fb286e80000,1765867870637776249,,,NOT_RESIDENT,/dev/nvidia-uvm
UVM,MIGRATE_HtoD,0x7fb286f00000,1765867870638712855,,,NOT_RESIDENT,/dev/nvidia-uvm
UVM,MIGRATE_HtoD,0x7fb286f01000,1765867870638716566,,,NOT_RESIDENT,/dev/nvidia-uvm
UVM,MIGRATE_HtoD,0x7fb286f03000,1765867870638719990,,,NOT_RESIDENT,/dev/nvidia-uvm
UVM,MIGRATE_HtoD,0x7fb286f08000,1765867870638724150,,,NOT_RESIDENT,/dev/nvidia-uvm
UVM,MIGRATE_HtoD,0x7fb286f0b000,1765867870638727734,,,NOT_RESIDENT,/dev/nvidia-uvm
UVM,MIGRATE_HtoD,0x7fb286f0e000,1765867870638731318,,,NOT_RESIDENT,/dev/nvidia-uvm
UVM,MIGRATE_HtoD,0x7fb286f0f000,1765867870638734614,,,NOT_RESIDENT,/dev/nvidia-uvm
UVM,MIGRATE_HtoD,0x7fb286f11000,1765867870638738038,,,NOT_RESIDENT,/dev/nvidia-uvm
UVM,MIGRATE_HtoD,0x7fb286f12000,1765867870638741366,,,NOT_RESIDENT,/dev/nvidia-uvm
UVM,MIGRATE_HtoD,0x7fb286f15000,1765867870638745206,,,NOT_RESIDENT,/dev/nvidia-uvm
UVM,MIGRATE_HtoD,0x7fb286f17000,1765867870638748662,,,NOT_RESIDENT,/dev/nvidia-uvm
UVM,MIGRATE_HtoD,0x7fb286f18000,1765867870638752182,,,NOT_RESIDENT,/dev/nvidia-uvm
UVM,MIGRATE_HtoD,0x7fb286f1a000,1765867870638755574,,,NOT_RESIDENT,/dev/nvidia-uvm
UVM,MIGRATE_HtoD,0x7fb286f1c000,1765867870638759382,,,NOT_RESIDENT,/dev/nvidia-uvm
UVM,MIGRATE_HtoD,0x7fb286f20000,1765867870638763126,,,NOT_RESIDENT,/dev/nvidia-uvm
UVM,MIGRATE_HtoD,0x7fb286f23000,1765867870638766742,,,NOT_RESIDENT,/dev/nvidia-uvm
UVM,MIGRATE_HtoD,0x7fb286f24000,1765867870638770006,,,NOT_RESIDENT,/dev/nvidia-uvm
UVM,MIGRATE_HtoD,0x7fb286f28000,1765867870638773750,,,NOT_RESIDENT,/dev/nvidia-uvm
UVM,MIGRATE_HtoD,0x7fb286f29000,1765867870638777046,,,NOT_RESIDENT,/dev/nvidia-uvm
UVM,MIGRATE_HtoD,0x7fb286f2a000,1765867870638780566,,,NOT_RESIDENT,/dev/nvidia-uvm
UVM,MIGRATE_HtoD,0x7fb286f30000,1765867870638784630,,,NOT_RESIDENT,/dev/nvidia-uvm
UVM,MIGRATE_HtoD,0x7fb286f33000,1765867870638788246,,,NOT_RESIDENT,/dev/nvidia-uvm
UVM,MIGRATE_HtoD,0x7fb286f37000,1765867870638792278,,,NOT_RESIDENT,/dev/nvidia-uvm
UVM,MIGRATE_HtoD,0x7fb286f38000,1765867870638795574,,,NOT_RESIDENT,/dev/nvidia-uvm
UVM,MIGRATE_HtoD,0x7fb286f3a000,1765867870638799350,,,NOT_RESIDENT,/dev/nvidia-uvm
UVM,MIGRATE_HtoD,0x7fb286f3c000,1765867870638802774,,,NOT_RESIDENT,/dev/nvidia-uvm
UVM,MIGRATE_HtoD,0x7fb286f41000,1765867870638807062,,,NOT_RESIDENT,/dev/nvidia-uvm
UVM,MIGRATE_HtoD,0x7fb286f42000,1765867870638810614,,,NOT_RESIDENT,/dev/nvidia-uvm
UVM,MIGRATE_HtoD,0x7fb286f49000,1765867870638814838,,,NOT_RESIDENT,/dev/nvidia-uvm
UVM,MIGRATE_HtoD,0x7fb286f4b000,1765867870638818518,,,NOT_RESIDENT,/dev/nvidia-uvm
UVM,MIGRATE_HtoD,0x7fb286f4c000,1765867870638821814,,,NOT_RESIDENT,/dev/nvidia-uvm
UVM,MIGRATE_HtoD,0x7fb286f4d000,1765867870638825430,,,NOT_RESIDENT,/dev/nvidia-uvm
UVM,MIGRATE_HtoD,0x7fb286f4f000,1765867870638828886,,,NOT_RESIDENT,/dev/nvidia-uvm
UVM,MIGRATE_HtoD,0x7fb286f52000,1765867870638832502,,,NOT_RESIDENT,/dev/nvidia-uvm
UVM,MIGRATE_HtoD,0x7fb286f54000,1765867870638835926,,,NOT_RESIDENT,/dev/nvidia-uvm
UVM,MIGRATE_HtoD,0x7fb286f55000,1765867870638839222,,,NOT_RESIDENT,/dev/nvidia-uvm
UVM,GPU_PAGE_FAULT,0x7fb286f00000,1765867870638354231,,,NOT_RESIDENT,/dev/nvidia-uvm
UVM,MIGRATE_HtoD,0x7fb287000000,1765867870639383316,,,NOT_RESIDENT,/dev/nvidia-uvm
UVM,MIGRATE_HtoD,0x7fb28700d000,1765867870639389044,,,NOT_RESIDENT,/dev/nvidia-uvm
UVM,MIGRATE_HtoD,0x7fb28700f000,1765867870639392500,,,NOT_RESIDENT,/dev/nvidia-uvm
UVM,MIGRATE_HtoD,0x7fb287018000,1765867870639397236,,,NOT_RESIDENT,/dev/nvidia-uvm
UVM,MIGRATE_HtoD,0x7fb287019000,1765867870639400788,,,NOT_RESIDENT,/dev/nvidia-uvm
UVM,MIGRATE_HtoD,0x7fb28701b000,1765867870639404212,,,NOT_RESIDENT,/dev/nvidia-uvm
UVM,MIGRATE_HtoD,0x7fb28701c000,1765867870639407796,,,NOT_RESIDENT,/dev/nvidia-uvm
UVM,MIGRATE_HtoD,0x7fb28701e000,1765867870639411252,,,NOT_RESIDENT,/dev/nvidia-uvm
UVM,MIGRATE_HtoD,0x7fb287020000,1765867870639415028,,,NOT_RESIDENT,/dev/nvidia-uvm
UVM,MIGRATE_HtoD,0x7fb287021000,1765867870639418580,,,NOT_RESIDENT,/dev/nvidia-uvm
UVM,MIGRATE_HtoD,0x7fb287023000,1765867870639422036,,,NOT_RESIDENT,/dev/nvidia-uvm
UVM,MIGRATE_HtoD,0x7fb287024000,1765867870639425300,,,NOT_RESIDENT,/dev/nvidia-uvm
UVM,MIGRATE_HtoD,0x7fb287025000,1765867870639428564,,,NOT_RESIDENT,/dev/nvidia-uvm
UVM,MIGRATE_HtoD,0x7fb287026000,1765867870639431956,,,NOT_RESIDENT,/dev/nvidia-uvm
UVM,MIGRATE_HtoD,0x7fb287027000,1765867870639435540,,,NOT_RESIDENT,/dev/nvidia-uvm
UVM,MIGRATE_HtoD,0x7fb287029000,1765867870639438996,,,NOT_RESIDENT,/dev/nvidia-uvm
UVM,MIGRATE_HtoD,0x7fb28702a000,1765867870639442420,,,NOT_RESIDENT,/dev/nvidia-uvm
UVM,MIGRATE_HtoD,0x7fb28702e000,1765867870639446196,,,NOT_RESIDENT,/dev/nvidia-uvm
UVM,MIGRATE_HtoD,0x7fb287032000,1765867870639450164,,,NOT_RESIDENT,/dev/nvidia-uvm
UVM,MIGRATE_HtoD,0x7fb287034000,1765867870639453972,,,NOT_RESIDENT,/dev/nvidia-uvm
UVM,MIGRATE_HtoD,0x7fb287036000,1765867870639457396,,,NOT_RESIDENT,/dev/nvidia-uvm
UVM,MIGRATE_HtoD,0x7fb287038000,1765867870639461140,,,NOT_RESIDENT,/dev/nvidia-uvm
UVM,MIGRATE_HtoD,0x7fb287039000,1765867870639464404,,,NOT_RESIDENT,/dev/nvidia-uvm
UVM,MIGRATE_HtoD,0x7fb28703c000,1765867870639467988,,,NOT_RESIDENT,/dev/nvidia-uvm
UVM,MIGRATE_HtoD,0x7fb28703d000,1765867870639471284,,,NOT_RESIDENT,/dev/nvidia-uvm
UVM,MIGRATE_HtoD,0x7fb287040000,1765867870639474868,,,NOT_RESIDENT,/dev/nvidia-uvm
UVM,MIGRATE_HtoD,0x7fb287042000,1765867870639478324,,,NOT_RESIDENT,/dev/nvidia-uvm
UVM,MIGRATE_HtoD,0x7fb287043000,1765867870639481876,,,NOT_RESIDENT,/dev/nvidia-uvm
UVM,GPU_PAGE_FAULT,0x7fb287000000,1765867870639015285,,,NOT_RESIDENT,/dev/nvidia-uvm
UVM,MIGRATE_HtoD,0x7fb287080000,1765867870639849171,,,NOT_RESIDENT,/dev/nvidia-uvm
UVM,MIGRATE_HtoD,0x7fb287085000,1765867870639853074,,,NOT_RESIDENT,/dev/nvidia-uvm
UVM,MIGRATE_HtoD,0x7fb287088000,1765867870639857011,,,NOT_RESIDENT,/dev/nvidia-uvm
UVM,MIGRATE_HtoD,0x7fb28708b000,1765867870639860595,,,NOT_RESIDENT,/dev/nvidia-uvm
UVM,MIGRATE_HtoD,0x7fb28708d000,1765867870639864275,,,NOT_RESIDENT,/dev/nvidia-uvm
UVM,MIGRATE_HtoD,0x7fb287095000,1765867870639868915,,,NOT_RESIDENT,/dev/nvidia-uvm
UVM,MIGRATE_HtoD,0x7fb287096000,1765867870639872211,,,NOT_RESIDENT,/dev/nvidia-uvm
UVM,MIGRATE_HtoD,0x7fb2870a2000,1765867870639877554,,,NOT_RESIDENT,/dev/nvidia-uvm
UVM,MIGRATE_HtoD,0x7fb2870a4000,1765867870639881011,,,NOT_RESIDENT,/dev/nvidia-uvm
UVM,MIGRATE_HtoD,0x7fb2870a6000,1765867870639884562,,,NOT_RESIDENT,/dev/nvidia-uvm
UVM,MIGRATE_HtoD,0x7fb2870a8000,1765867870639888274,,,NOT_RESIDENT,/dev/nvidia-uvm
UVM,MIGRATE_HtoD,0x7fb2870a9000,1765867870639891538,,,NOT_RESIDENT,/dev/nvidia-uvm
UVM,MIGRATE_HtoD,0x7fb2870aa000,1765867870639895187,,,NOT_RESIDENT,/dev/nvidia-uvm
UVM,MIGRATE_HtoD,0x7fb2870ad000,1765867870639898770,,,NOT_RESIDENT,/dev/nvidia-uvm
UVM,MIGRATE_HtoD,0x7fb2870b2000,1765867870639903058,,,NOT_RESIDENT,/dev/nvidia-uvm
UVM,MIGRATE_HtoD,0x7fb2870b3000,1765867870639906578,,,NOT_RESIDENT,/dev/nvidia-uvm
UVM,MIGRATE_HtoD,0x7fb2870b5000,1765867870639910002,,,NOT_RESIDENT,/dev/nvidia-uvm
UVM,MIGRATE_HtoD,0x7fb2870b7000,1765867870639913779,,,NOT_RESIDENT,/dev/nvidia-uvm
UVM,MIGRATE_HtoD,0x7fb2870b9000,1765867870639917234,,,NOT_RESIDENT,/dev/nvidia-uvm
UVM,MIGRATE_HtoD,0x7fb2870ba000,1765867870639920530,,,NOT_RESIDENT,/dev/nvidia-uvm
UVM,MIGRATE_HtoD,0x7fb2870be000,1765867870639924275,,,NOT_RESIDENT,/dev/nvidia-uvm
UVM,MIGRATE_HtoD,0x7fb2870bf000,1765867870639927570,,,NOT_RESIDENT,/dev/nvidia-uvm
UVM,MIGRATE_HtoD,0x7fb2870c6000,1765867870639932146,,,NOT_RESIDENT,/dev/nvidia-uvm
UVM,MIGRATE_HtoD,0x7fb2870c7000,1765867870639935442,,,NOT_RESIDENT,/dev/nvidia-uvm
UVM,MIGRATE_HtoD,0x7fb2870cb000,1765867870639939474,,,NOT_RESIDENT,/dev/nvidia-uvm
UVM,MIGRATE_HtoD,0x7fb2870cc000,1765867870639942834,,,NOT_RESIDENT,/dev/nvidia-uvm
UVM,MIGRATE_HtoD,0x7fb2870d0000,1765867870639946578,,,NOT_RESIDENT,/dev/nvidia-uvm
UVM,MIGRATE_HtoD,0x7fb2870d2000,1765867870639950034,,,NOT_RESIDENT,/dev/nvidia-uvm
UVM,MIGRATE_HtoD,0x7fb2870d4000,1765867870639953810,,,NOT_RESIDENT,/dev/nvidia-uvm
UVM,MIGRATE_HtoD,0x7fb2870d8000,1765867870639957554,,,NOT_RESIDENT,/dev/nvidia-uvm
UVM,GPU_PAGE_FAULT,0x7fb287080000,1765867870639507348,,,NOT_RESIDENT,/dev/nvidia-uvm
UVM,MIGRATE_HtoD,0x7fb287100000,1765867870640422961,,,NOT_RESIDENT,/dev/nvidia-uvm
UVM,MIGRATE_HtoD,0x7fb287102000,1765867870640426641,,,NOT_RESIDENT,/dev/nvidia-uvm
UVM,MIGRATE_HtoD,0x7fb287104000,1765867870640430097,,,NOT_RESIDENT,/dev/nvidia-uvm
UVM,MIGRATE_HtoD,0x7fb287105000,1765867870640433745,,,NOT_RESIDENT,/dev/nvidia-uvm
UVM,MIGRATE_HtoD,0x7fb287106000,1765867870640437009,,,NOT_RESIDENT,/dev/nvidia-uvm
UVM,MIGRATE_HtoD,0x7fb287107000,1765867870640440625,,,NOT_RESIDENT,/dev/nvidia-uvm
UVM,MIGRATE_HtoD,0x7fb287109000,1765867870640444049,,,NOT_RESIDENT,/dev/nvidia-uvm
UVM,MIGRATE_HtoD,0x7fb28710a000,1765867870640447345,,,NOT_RESIDENT,/dev/nvidia-uvm
UVM,MIGRATE_HtoD,0x7fb28710f000,1765867870640451249,,,NOT_RESIDENT,/dev/nvidia-uvm
UVM,MIGRATE_HtoD,0x7fb287110000,1765867870640454545,,,NOT_RESIDENT,/dev/nvidia-uvm
UVM,MIGRATE_HtoD,0x7fb287119000,1765867870640459088,,,NOT_RESIDENT,/dev/nvidia-uvm
UVM,MIGRATE_HtoD,0x7fb28711a000,1765867870640462385,,,NOT_RESIDENT,/dev/nvidia-uvm
UVM,MIGRATE_HtoD,0x7fb287121000,1765867870640466545,,,NOT_RESIDENT,/dev/nvidia-uvm
UVM,MIGRATE_HtoD,0x7fb287122000,1765867870640469841,,,NOT_RESIDENT,/dev/nvidia-uvm
UVM,MIGRATE_HtoD,0x7fb287124000,1765867870640473521,,,NOT_RESIDENT,/dev/nvidia-uvm
UVM,MIGRATE_HtoD,0x7fb287128000,1765867870640477265,,,NOT_RESIDENT,/dev/nvidia-uvm
UVM,MIGRATE_HtoD,0x7fb287129000,1765867870640480912,,,NOT_RESIDENT,/dev/nvidia-uvm
UVM,MIGRATE_HtoD,0x7fb28712c000,1765867870640484497,,,NOT_RESIDENT,/dev/nvidia-uvm
UVM,MIGRATE_HtoD,0x7fb28712f000,1765867870640488433,,,NOT_RESIDENT,/dev/nvidia-uvm
UVM,MIGRATE_HtoD,0x7fb287130000,1765867870640491761,,,NOT_RESIDENT,/dev/nvidia-uvm
UVM,MIGRATE_HtoD,0x7fb287139000,1765867870640496304,,,NOT_RESIDENT,/dev/nvidia-uvm
UVM,MIGRATE_HtoD,0x7fb28713a000,1765867870640499792,,,NOT_RESIDENT,/dev/nvidia-uvm
UVM,MIGRATE_HtoD,0x7fb28713b000,1765867870640503057,,,NOT_RESIDENT,/dev/nvidia-uvm
UVM,MIGRATE_HtoD,0x7fb28713c000,1765867870640506704,,,NOT_RESIDENT,/dev/nvidia-uvm
UVM,MIGRATE_HtoD,0x7fb28713d000,1765867870640509968,,,NOT_RESIDENT,/dev/nvidia-uvm
UVM,MIGRATE_HtoD,0x7fb287145000,1765867870640514385,,,NOT_RESIDENT,/dev/nvidia-uvm
UVM,MIGRATE_HtoD,0x7fb287146000,1765867870640517680,,,NOT_RESIDENT,/dev/nvidia-uvm
UVM,MIGRATE_HtoD,0x7fb28714c000,1765867870640521713,,,NOT_RESIDENT,/dev/nvidia-uvm
UVM,MIGRATE_HtoD,0x7fb28714e000,1765867870640525168,,,NOT_RESIDENT,/dev/nvidia-uvm
UVM,MIGRATE_HtoD,0x7fb287150000,1765867870640528624,,,NOT_RESIDENT,/dev/nvidia-uvm
UVM,MIGRATE_HtoD,0x7fb287153000,1765867870640532209,,,NOT_RESIDENT,/dev/nvidia-uvm
UVM,MIGRATE_HtoD,0x7fb28715a000,1765867870640536432,,,NOT_RESIDENT,/dev/nvidia-uvm
UVM,MIGRATE_HtoD,0x7fb28715b000,1765867870640539697,,,NOT_RESIDENT,/dev/nvidia-uvm
UVM,GPU_PAGE_FAULT,0x7fb287102000,1765867870640067378,,,NOT_RESIDENT,/dev/nvidia-uvm
UVM,MIGRATE_HtoD,0x7fb287200000,1765867870641045999,,,NOT_RESIDENT,/dev/nvidia-uvm
UVM,MIGRATE_HtoD,0x7fb287210000,1765867870641052239,,,NOT_RESIDENT,/dev/nvidia-uvm
UVM,MIGRATE_HtoD,0x7fb287211000,1765867870641055503,,,NOT_RESIDENT,/dev/nvidia-uvm
UVM,MIGRATE_HtoD,0x7fb28721d000,1765867870641060623,,,NOT_RESIDENT,/dev/nvidia-uvm
UVM,MIGRATE_HtoD,0x7fb28721f000,1765867870641064047,,,NOT_RESIDENT,/dev/nvidia-uvm
UVM,MIGRATE_HtoD,0x7fb287222000,1765867870641067662,,,NOT_RESIDENT,/dev/nvidia-uvm
UVM,MIGRATE_HtoD,0x7fb287224000,1765867870641071055,,,NOT_RESIDENT,/dev/nvidia-uvm
UVM,MIGRATE_HtoD,0x7fb287225000,1765867870641074350,,,NOT_RESIDENT,/dev/nvidia-uvm
UVM,MIGRATE_HtoD,0x7fb287227000,1765867870641078063,,,NOT_RESIDENT,/dev/nvidia-uvm
UVM,MIGRATE_HtoD,0x7fb287228000,1765867870641081551,,,NOT_RESIDENT,/dev/nvidia-uvm
UVM,MIGRATE_HtoD,0x7fb287229000,1765867870641084846,,,NOT_RESIDENT,/dev/nvidia-uvm
UVM,MIGRATE_HtoD,0x7fb28722e000,1765867870641089071,,,NOT_RESIDENT,/dev/nvidia-uvm
UVM,MIGRATE_HtoD,0x7fb287230000,1765867870641092527,,,NOT_RESIDENT,/dev/nvidia-uvm
UVM,MIGRATE_HtoD,0x7fb287232000,1765867870641095950,,,NOT_RESIDENT,/dev/nvidia-uvm
UVM,MIGRATE_HtoD,0x7fb287233000,1765867870641099502,,,NOT_RESIDENT,/dev/nvidia-uvm
UVM,MIGRATE_HtoD,0x7fb287235000,1765867870641102927,,,NOT_RESIDENT,/dev/nvidia-uvm
UVM,MIGRATE_HtoD,0x7fb28723d000,1765867870641107503,,,NOT_RESIDENT,/dev/nvidia-uvm
UVM,MIGRATE_HtoD,0x7fb287240000,1765867870641111086,,,NOT_RESIDENT,/dev/nvidia-uvm
UVM,MIGRATE_HtoD,0x7fb28724b000,1765867870641115951,,,NOT_RESIDENT,/dev/nvidia-uvm
UVM,MIGRATE_HtoD,0x7fb28724c000,1765867870641119566,,,NOT_RESIDENT,/dev/nvidia-uvm
UVM,MIGRATE_HtoD,0x7fb287252000,1765867870641123790,,,NOT_RESIDENT,/dev/nvidia-uvm
UVM,MIGRATE_HtoD,0x7fb287253000,1765867870641127118,,,NOT_RESIDENT,/dev/nvidia-uvm
UVM,MIGRATE_HtoD,0x7fb287256000,1765867870641131118,,,NOT_RESIDENT,/dev/nvidia-uvm
UVM,MIGRATE_HtoD,0x7fb287257000,1765867870641134382,,,NOT_RESIDENT,/dev/nvidia-uvm
UVM,GPU_PAGE_FAULT,0x7fb287200000,1765867870640761168,,,NOT_RESIDENT,/dev/nvidia-uvm
UVM,MIGRATE_HtoD,0x7fb287280000,1765867870641262894,,,NOT_RESIDENT,/dev/nvidia-uvm
UVM,MIGRATE_HtoD,0x7fb28728b000,1765867870641267950,,,NOT_RESIDENT,/dev/nvidia-uvm
UVM,MIGRATE_HtoD,0x7fb28728c000,1765867870641271214,,,NOT_RESIDENT,/dev/nvidia-uvm
UVM,MIGRATE_HtoD,0x7fb287293000,1765867870641275822,,,NOT_RESIDENT,/dev/nvidia-uvm
UVM,MIGRATE_HtoD,0x7fb287294000,1765867870641279438,,,NOT_RESIDENT,/dev/nvidia-uvm
UVM,MIGRATE_HtoD,0x7fb28729a000,1765867870641283502,,,NOT_RESIDENT,/dev/nvidia-uvm
UVM,MIGRATE_HtoD,0x7fb28729b000,1765867870641286990,,,NOT_RESIDENT,/dev/nvidia-uvm
UVM,MIGRATE_HtoD,0x7fb28729d000,1765867870641290446,,,NOT_RESIDENT,/dev/nvidia-uvm
UVM,MIGRATE_HtoD,0x7fb28729f000,1765867870641294222,,,NOT_RESIDENT,/dev/nvidia-uvm
UVM,MIGRATE_HtoD,0x7fb2872a0000,1765867870641297486,,,NOT_RESIDENT,/dev/nvidia-uvm
UVM,MIGRATE_HtoD,0x7fb2872a1000,1765867870641300782,,,NOT_RESIDENT,/dev/nvidia-uvm
UVM,MIGRATE_HtoD,0x7fb2872a2000,1765867870641304110,,,NOT_RESIDENT,/dev/nvidia-uvm
UVM,MIGRATE_HtoD,0x7fb2872a4000,1765867870641307854,,,NOT_RESIDENT,/dev/nvidia-uvm
UVM,MIGRATE_HtoD,0x7fb2872aa000,1765867870641311918,,,NOT_RESIDENT,/dev/nvidia-uvm
UVM,MIGRATE_HtoD,0x7fb2872ab000,1765867870641315470,,,NOT_RESIDENT,/dev/nvidia-uvm
UVM,MIGRATE_HtoD,0x7fb2872ac000,1765867870641318766,,,NOT_RESIDENT,/dev/nvidia-uvm
UVM,MIGRATE_HtoD,0x7fb2872b1000,1765867870641322990,,,NOT_RESIDENT,/dev/nvidia-uvm
UVM,MIGRATE_HtoD,0x7fb2872b2000,1765867870641326318,,,NOT_RESIDENT,/dev/nvidia-uvm
UVM,MIGRATE_HtoD,0x7fb2872b5000,1765867870641329934,,,NOT_RESIDENT,/dev/nvidia-uvm
UVM,MIGRATE_HtoD,0x7fb2872b6000,1765867870641333582,,,NOT_RESIDENT,/dev/nvidia-uvm
UVM,MIGRATE_HtoD,0x7fb2872b7000,1765867870641336878,,,NOT_RESIDENT,/dev/nvidia-uvm
UVM,MIGRATE_HtoD,0x7fb2872b8000,1765867870641340142,,,NOT_RESIDENT,/dev/nvidia-uvm
UVM,MIGRATE_HtoD,0x7fb2872bc000,1765867870641343886,,,NOT_RESIDENT,/dev/nvidia-uvm
UVM,MIGRATE_HtoD,0x7fb2872bd000,1765867870641347182,,,NOT_RESIDENT,/dev/nvidia-uvm
UVM,MIGRATE_HtoD,0x7fb2872be000,1765867870641350638,,,NOT_RESIDENT,/dev/nvidia-uvm
UVM,MIGRATE_HtoD,0x7fb2872bf000,1765867870641353934,,,NOT_RESIDENT,/dev/nvidia-uvm
UVM,MIGRATE_HtoD,0x7fb2872c2000,1765867870641357806,,,NOT_RESIDENT,/dev/nvidia-uvm
UVM,MIGRATE_HtoD,0x7fb2872c3000,1765867870641361358,,,NOT_RESIDENT,/dev/nvidia-uvm
UVM,MIGRATE_HtoD,0x7fb2872c4000,1765867870641364621,,,NOT_RESIDENT,/dev/nvidia-uvm
UVM,MIGRATE_HtoD,0x7fb2872c5000,1765867870641367950,,,NOT_RESIDENT,/dev/nvidia-uvm
UVM,MIGRATE_HtoD,0x7fb2872ce000,1765867870641372589,,,NOT_RESIDENT,/dev/nvidia-uvm
UVM,MIGRATE_HtoD,0x7fb2872cf000,1765867870641376174,,,NOT_RESIDENT,/dev/nvidia-uvm
UVM,MIGRATE_HtoD,0x7fb2872d2000,1765867870641379790,,,NOT_RESIDENT,/dev/nvidia-uvm
UVM,MIGRATE_HtoD,0x7fb2872d3000,1765867870641383054,,,NOT_RESIDENT,/dev/nvidia-uvm
UVM,MIGRATE_HtoD,0x7fb2872d4000,1765867870641386350,,,NOT_RESIDENT,/dev/nvidia-uvm
UVM,MIGRATE_HtoD,0x7fb2872d5000,1765867870641389901,,,NOT_RESIDENT,/dev/nvidia-uvm
UVM,MIGRATE_HtoD,0x7fb2872d6000,1765867870641393198,,,NOT_RESIDENT,/dev/nvidia-uvm
UVM,MIGRATE_HtoD,0x7fb2872d7000,1765867870641396526,,,NOT_RESIDENT,/dev/nvidia-uvm
UVM,GPU_PAGE_FAULT,0x7fb287280000,1765867870641156782,,,NOT_RESIDENT,/dev/nvidia-uvm
UVM,MIGRATE_HtoD,0x7fb287300000,1765867870641536781,,,NOT_RESIDENT,/dev/nvidia-uvm
UVM,MIGRATE_HtoD,0x7fb287310000,1765867870641542797,,,NOT_RESIDENT,/dev/nvidia-uvm
UVM,MIGRATE_HtoD,0x7fb287312000,1765867870641546221,,,NOT_RESIDENT,/dev/nvidia-uvm
UVM,MIGRATE_HtoD,0x7fb287313000,1765867870641549453,,,NOT_RESIDENT,/dev/nvidia-uvm
UVM,MIGRATE_HtoD,0x7fb287318000,1765867870641553709,,,NOT_RESIDENT,/dev/nvidia-uvm
UVM,MIGRATE_HtoD,0x7fb28731a000,1765867870641557165,,,NOT_RESIDENT,/dev/nvidia-uvm
UVM,MIGRATE_HtoD,0x7fb28731b000,1765867870641560621,,,NOT_RESIDENT,/dev/nvidia-uvm
UVM,MIGRATE_HtoD,0x7fb28731d000,1765867870641564045,,,NOT_RESIDENT,/dev/nvidia-uvm
UVM,MIGRATE_HtoD,0x7fb287320000,1765867870641567981,,,NOT_RESIDENT,/dev/nvidia-uvm
UVM,MIGRATE_HtoD,0x7fb287321000,1765867870641571437,,,NOT_RESIDENT,/dev/nvidia-uvm
UVM,MIGRATE_HtoD,0x7fb287322000,1765867870641574701,,,NOT_RESIDENT,/dev/nvidia-uvm
UVM,MIGRATE_HtoD,0x7fb287323000,1765867870641577997,,,NOT_RESIDENT,/dev/nvidia-uvm
UVM,MIGRATE_HtoD,0x7fb287325000,1765867870641581453,,,NOT_RESIDENT,/dev/nvidia-uvm
UVM,MIGRATE_HtoD,0x7fb287327000,1765867870641585069,,,NOT_RESIDENT,/dev/nvidia-uvm
UVM,MIGRATE_HtoD,0x7fb28732d000,1765867870641589389,,,NOT_RESIDENT,/dev/nvidia-uvm
UVM,MIGRATE_HtoD,0x7fb287330000,1765867870641593037,,,NOT_RESIDENT,/dev/nvidia-uvm
UVM,MIGRATE_HtoD,0x7fb287331000,1765867870641596301,,,NOT_RESIDENT,/dev/nvidia-uvm
UVM,MIGRATE_HtoD,0x7fb287333000,1765867870641600109,,,NOT_RESIDENT,/dev/nvidia-uvm
UVM,MIGRATE_HtoD,0x7fb28733d000,1765867870641604813,,,NOT_RESIDENT,/dev/nvidia-uvm
UVM,MIGRATE_HtoD,0x7fb28733f000,1765867870641608525,,,NOT_RESIDENT,/dev/nvidia-uvm
UVM,MIGRATE_HtoD,0x7fb287348000,1765867870641613357,,,NOT_RESIDENT,/dev/nvidia-uvm
UVM,MIGRATE_HtoD,0x7fb28734b000,1765867870641616941,,,NOT_RESIDENT,/dev/nvidia-uvm
UVM,MIGRATE_HtoD,0x7fb28734e000,1765867870641620525,,,NOT_RESIDENT,/dev/nvidia-uvm
UVM,MIGRATE_HtoD,0x7fb28734f000,1765867870641623917,,,NOT_RESIDENT,/dev/nvidia-uvm
UVM,MIGRATE_HtoD,0x7fb287350000,1765867870641627469,,,NOT_RESIDENT,/dev/nvidia-uvm
UVM,MIGRATE_HtoD,0x7fb287352000,1765867870641631213,,,NOT_RESIDENT,/dev/nvidia-uvm
UVM,GPU_PAGE_FAULT,0x7fb287300000,1765867870641417773,,,NOT_RESIDENT,/dev/nvidia-uvm
UVM,MIGRATE_HtoD,0x7fb287400000,1765867870641797004,,,NOT_RESIDENT,/dev/nvidia-uvm
UVM,MIGRATE_HtoD,0x7fb287413000,1765867870641803436,,,NOT_RESIDENT,/dev/nvidia-uvm
UVM,MIGRATE_HtoD,0x7fb287414000,1765867870641806796,,,NOT_RESIDENT,/dev/nvidia-uvm
UVM,MIGRATE_HtoD,0x7fb287418000,1765867870641810956,,,NOT_RESIDENT,/dev/nvidia-uvm
UVM,MIGRATE_HtoD,0x7fb28741a000,1765867870641814348,,,NOT_RESIDENT,/dev/nvidia-uvm
UVM,MIGRATE_HtoD,0x7fb28741f000,1765867870641818540,,,NOT_RESIDENT,/dev/nvidia-uvm
UVM,MIGRATE_HtoD,0x7fb287420000,1765867870641821804,,,NOT_RESIDENT,/dev/nvidia-uvm
UVM,MIGRATE_HtoD,0x7fb287421000,1765867870641825100,,,NOT_RESIDENT,/dev/nvidia-uvm
UVM,MIGRATE_HtoD,0x7fb287422000,1765867870641828588,,,NOT_RESIDENT,/dev/nvidia-uvm
UVM,MIGRATE_HtoD,0x7fb287427000,1765867870641832492,,,NOT_RESIDENT,/dev/nvidia-uvm
UVM,MIGRATE_HtoD,0x7fb28742a000,1765867870641836396,,,NOT_RESIDENT,/dev/nvidia-uvm
UVM,MIGRATE_HtoD,0x7fb28742c000,1765867870641839852,,,NOT_RESIDENT,/dev/nvidia-uvm
UVM,MIGRATE_HtoD,0x7fb28742e000,1765867870641843276,,,NOT_RESIDENT,/dev/nvidia-uvm
UVM,MIGRATE_HtoD,0x7fb287430000,1765867870641846732,,,NOT_RESIDENT,/dev/nvidia-uvm
UVM,MIGRATE_HtoD,0x7fb287433000,1765867870641850444,,,NOT_RESIDENT,/dev/nvidia-uvm
UVM,MIGRATE_HtoD,0x7fb287434000,1765867870641853740,,,NOT_RESIDENT,/dev/nvidia-uvm
UVM,MIGRATE_HtoD,0x7fb287438000,1765867870641857804,,,NOT_RESIDENT,/dev/nvidia-uvm
UVM,MIGRATE_HtoD,0x7fb287439000,1765867870641861100,,,NOT_RESIDENT,/dev/nvidia-uvm
UVM,MIGRATE_HtoD,0x7fb28743a000,1765867870641864556,,,NOT_RESIDENT,/dev/nvidia-uvm
UVM,MIGRATE_HtoD,0x7fb28743b000,1765867870641867852,,,NOT_RESIDENT,/dev/nvidia-uvm
UVM,MIGRATE_HtoD,0x7fb28743c000,1765867870641871500,,,NOT_RESIDENT,/dev/nvidia-uvm
UVM,MIGRATE_HtoD,0x7fb28743d000,1765867870641874796,,,NOT_RESIDENT,/dev/nvidia-uvm
UVM,MIGRATE_HtoD,0x7fb28743e000,1765867870641878060,,,NOT_RESIDENT,/dev/nvidia-uvm
UVM,MIGRATE_HtoD,0x7fb28743f000,1765867870641881356,,,NOT_RESIDENT,/dev/nvidia-uvm
UVM,MIGRATE_HtoD,0x7fb287440000,1765867870641884652,,,NOT_RESIDENT,/dev/nvidia-uvm
UVM,MIGRATE_HtoD,0x7fb287442000,1765867870641888108,,,NOT_RESIDENT,/dev/nvidia-uvm
UVM,MIGRATE_HtoD,0x7fb287443000,1765867870641891532,,,NOT_RESIDENT,/dev/nvidia-uvm
UVM,MIGRATE_HtoD,0x7fb287444000,1765867870641894796,,,NOT_RESIDENT,/dev/nvidia-uvm
UVM,MIGRATE_HtoD,0x7fb287447000,1765867870641898412,,,NOT_RESIDENT,/dev/nvidia-uvm
UVM,MIGRATE_HtoD,0x7fb287448000,1765867870641901676,,,NOT_RESIDENT,/dev/nvidia-uvm
UVM,GPU_PAGE_FAULT,0x7fb287400000,1765867870641671245,,,NOT_RESIDENT,/dev/nvidia-uvm
UVM,MIGRATE_DtoH,0x7fb286000000,1765867870742058210,,,NOT_RESIDENT,/dev/nvidia-uvm
UVM,MIGRATE_DtoH,0x7fb286001000,1765867870742060994,,,NOT_RESIDENT,/dev/nvidia-uvm
UVM,MIGRATE_HtoD,0x7fb286000000,1765867870742626720,,,NOT_RESIDENT,/dev/nvidia-uvm
UVM,GPU_PAGE_FAULT,0x7fb286000000,1765867870742487777,,,NOT_RESIDENT,/dev/nvidia-uvm
UVM,MIGRATE_DtoH,0x7fb286000000,1765867870842763318,,,NOT_RESIDENT,/dev/nvidia-uvm
UVM,MIGRATE_DtoH,0x7fb286001000,1765867870842765686,,,NOT_RESIDENT,/dev/nvidia-uvm
UVM,MIGRATE_HtoD,0x7fb286000000,1765867870843289109,,,NOT_RESIDENT,/dev/nvidia-uvm
UVM,GPU_PAGE_FAULT,0x7fb286000000,1765867870842922229,,,NOT_RESIDENT,/dev/nvidia-uvm
UVM,MIGRATE_DtoH,0x7fb286000000,1765867870943501546,,,NOT_RESIDENT,/dev/nvidia-uvm
UVM,MIGRATE_DtoH,0x7fb286001000,1765867870943503914,,,NOT_RESIDENT,/dev/nvidia-uvm
UVM,MIGRATE_HtoD,0x7fb286000000,1765867870944010632,,,NOT_RESIDENT,/dev/nvidia-uvm
UVM,GPU_PAGE_FAULT,0x7fb286000000,1765867870943692170,,,NOT_RESIDENT,/dev/nvidia-uvm
UVM,MIGRATE_DtoH,0x7fb286000000,1765867871044240414,,,NOT_RESIDENT,/dev/nvidia-uvm
UVM,MIGRATE_DtoH,0x7fb286001000,1765867871044242783,,,NOT_RESIDENT,/dev/nvidia-uvm
KERNEL,uvm_touch_kernel(float*, unsigned long, unsigned long, float),7,0x100000,1765867871145422522,1765867871145931256,508734,20972,1,1,256,1,1,0,0,16,127401984,0
KERNEL,uvm_touch_kernel(float*, unsigned long, unsigned long, float),7,0x100000,1765867871246386126,1765867871246843564,457438,20972,1,1,256,1,1,0,0,16,127401984,0
KERNEL,uvm_touch_kernel(float*, unsigned long, unsigned long, float),7,0x100000,1765867871347262145,1765867871347699744,437599,20972,1,1,256,1,1,0,0,16,127401984,0
KERNEL,uvm_touch_kernel(float*, unsigned long, unsigned long, float),7,0x100000,1765867871448086390,1765867871448528276,441886,20972,1,1,256,1,1,0,0,16,127401984,0
UVM,MIGRATE_HtoD,0x7fb286000000,1765867871044938140,,,NOT_RESIDENT,/dev/nvidia-uvm
UVM,GPU_PAGE_FAULT,0x7fb286000000,1765867871044497886,,,NOT_RESIDENT,/dev/nvidia-uvm
UVM,MIGRATE_DtoH,0x7fb286000000,1765867871145180882,,,NOT_RESIDENT,/dev/nvidia-uvm
UVM,MIGRATE_DtoH,0x7fb286001000,1765867871145183250,,,NOT_RESIDENT,/dev/nvidia-uvm
UVM,MIGRATE_HtoD,0x7fb286000000,1765867871145851600,,,NOT_RESIDENT,/dev/nvidia-uvm
UVM,GPU_PAGE_FAULT,0x7fb286000000,1765867871145425585,,,NOT_RESIDENT,/dev/nvidia-uvm
UVM,MIGRATE_DtoH,0x7fb286000000,1765867871246111589,,,NOT_RESIDENT,/dev/nvidia-uvm
UVM,MIGRATE_DtoH,0x7fb286001000,1765867871246113957,,,NOT_RESIDENT,/dev/nvidia-uvm
UVM,MIGRATE_HtoD,0x7fb286000000,1765867871246763747,,,NOT_RESIDENT,/dev/nvidia-uvm
UVM,GPU_PAGE_FAULT,0x7fb286000000,1765867871246389092,,,NOT_RESIDENT,/dev/nvidia-uvm
UVM,MIGRATE_DtoH,0x7fb286000000,1765867871347013753,,,NOT_RESIDENT,/dev/nvidia-uvm
UVM,MIGRATE_DtoH,0x7fb286001000,1765867871347016121,,,NOT_RESIDENT,/dev/nvidia-uvm
UVM,MIGRATE_HtoD,0x7fb286000000,1765867871347626679,,,NOT_RESIDENT,/dev/nvidia-uvm
UVM,GPU_PAGE_FAULT,0x7fb286000000,1765867871347264408,,,NOT_RESIDENT,/dev/nvidia-uvm
UVM,MIGRATE_DtoH,0x7fb286000000,1765867871447848461,,,NOT_RESIDENT,/dev/nvidia-uvm
UVM,MIGRATE_DtoH,0x7fb286001000,1765867871447850829,,,NOT_RESIDENT,/dev/nvidia-uvm
UVM,MIGRATE_HtoD,0x7fb286000000,1765867871448453163,,,NOT_RESIDENT,/dev/nvidia-uvm
UVM,GPU_PAGE_FAULT,0x7fb286000000,1765867871448089356,,,NOT_RESIDENT,/dev/nvidia-uvm
